Drug_ID,SMILES,Predicted_DTA_S1R,Predicted_DTA_DRD2,Predicted_DTA_BIP
DB00014,CC(C)C[C@@H](C(=O)N[C@@H](CCCN=C(N)N)C(=O)N1CCC[C@H]1C(=O)NNC(=O)N)NC(=O)[C@@H](COC(C)(C)C)NC(=O)[C@H](CC2=CC=C(C=C2)O)NC(=O)[C@H](CO)NC(=O)[C@H](CC3=CNC4=CC=CC=C43)NC(=O)[C@H](CC5=CN=CN5)NC(=O)[C@@H]6CCC(=O)N6,7.066120028495789,7.9907848834991455,7.063601016998291
DB00035,C1C[C@H](N(C1)C(=O)[C@@H]2CSSCCC(=O)N[C@H](C(=O)N[C@H](C(=O)N[C@H](C(=O)N[C@H](C(=O)N2)CC(=O)N)CCC(=O)N)CC3=CC=CC=C3)CC4=CC=C(C=C4)O)C(=O)N[C@H](CCCN=C(N)N)C(=O)NCC(=O)N,6.861652970314026,7.2528297901153564,6.88518899679184
DB00091,CC[C@H]1C(=O)N(CC(=O)N([C@H](C(=O)N[C@H](C(=O)N([C@H](C(=O)N[C@H](C(=O)N[C@@H](C(=O)N([C@H](C(=O)N([C@H](C(=O)N([C@H](C(=O)N([C@H](C(=O)N1)[C@@H]([C@H](C)C/C=C/C)O)C)C(C)C)C)CC(C)C)C)CC(C)C)C)C)C)CC(C)C)C)C(C)C)CC(C)C)C)C,7.576935887336731,7.007686138153076,7.285039603710175
DB00122,C[N+](C)(C)CCO,5.401903450489044,5.428295195102692,4.853085696697235
DB00126,C([C@@H]([C@@H]1C(=C(C(=O)O1)O)O)O)O,5.963514506816864,5.79224956035614,5.3238245844841
DB00131,C1=NC(=C2C(=N1)N(C=N2)[C@H]3[C@@H]([C@@H]([C@H](O3)COP(=O)(O)O)O)O)N,5.5360864996910095,6.059422850608826,5.183497607707977
DB00136,C[C@H](CCCC(C)(C)O)[C@H]1CC[C@@H]\2[C@@]1(CCC/C2=C\C=C/3\C[C@H](C[C@@H](C3=C)O)O)C,7.049087166786194,5.656230628490448,5.588464975357056
DB00140,CC1=CC2=C(C=C1C)N(C3=NC(=O)NC(=O)C3=N2)C[C@@H]([C@@H]([C@@H](CO)O)O)O,5.791429758071899,5.838372766971588,4.8139525055885315
DB00153,C[C@H](/C=C/[C@H](C)C(C)C)[C@H]1CC[C@@H]\2[C@@]1(CCC/C2=C\C=C/3\C[C@H](CCC3=C)O)C,7.160229325294495,5.683280348777771,5.783051133155823
DB00162,CC1=C(C(CCC1)(C)C)/C=C/C(=C/C=C/C(=C/CO)/C)/C,6.37072217464447,5.549612283706665,5.150098264217377
DB00163,CC1=C(C2=C(CC[C@@](O2)(C)CCC[C@H](C)CCC[C@H](C)CCCC(C)C)C(=C1O)C)C,6.1983078718185425,6.234571695327759,5.411882698535919
DB00165,CC1=NC=C(C(=C1O)CO)CO,5.193166553974152,5.760638236999512,4.584801733493805
DB00169,C[C@H](CCCC(C)C)[C@H]1CC[C@@H]\2[C@@]1(CCC/C2=C\C=C/3\C[C@H](CCC3=C)O)C,6.8805442452430725,5.808078289031982,5.553055047988892
DB00175,CC[C@H](C)C(=O)O[C@H]1C[C@@H](C=C2[C@H]1[C@H]([C@H](C=C2)C)CC[C@H](C[C@H](CC(=O)O)O)O)O,6.476941406726837,5.9586610198020935,5.115809977054596
DB00176,COCCCC/C(=N\OCCN)/C1=CC=C(C=C1)C(F)(F)F,5.909482300281525,5.8883848786354065,5.176353693008423
DB00177,CCCCC(=O)N(CC1=CC=C(C=C1)C2=CC=CC=C2C3=NNN=N3)[C@@H](C(C)C)C(=O)O,6.265042841434479,5.69641500711441,5.410658121109009
DB00178,CCOC(=O)[C@H](CCC1=CC=CC=C1)N[C@@H](C)C(=O)N2[C@H]3CCC[C@H]3C[C@H]2C(=O)O,7.332752764225006,5.769872605800629,5.954970896244049
DB00179,C[C@H](CC1=CC(=C(C=C1)O)O)[C@@H](C)CC2=CC(=C(C=C2)O)O,5.793590307235718,5.611720502376556,4.9601136445999146
DB00180,C[C@]12C[C@@H]([C@H]3[C@H]([C@@H]1C[C@@H]4[C@]2(OC(O4)(C)C)C(=O)CO)C[C@@H](C5=CC(=O)C=C[C@]35C)F)O,6.639514446258545,5.754273533821106,5.59407764673233
DB00181,C1=CC(=CC=C1C(CC(=O)O)CN)Cl,6.150923728942871,5.476638734340668,4.951923489570618
DB00182,CC(CC1=CC=CC=C1)N,5.918068945407867,5.609429895877838,5.221554815769196
DB00186,C1=CC=C(C(=C1)C2=NC(C(=O)NC3=C2C=C(C=C3)Cl)O)Cl,6.417403042316437,6.2378382086753845,5.778563499450684
DB00187,CC(C)NCC(COC1=CC=C(C=C1)CCC(=O)OC)O,6.63660341501236,5.7961519956588745,5.833467602729797
DB00188,B([C@H](CC(C)C)NC(=O)[C@H](CC1=CC=CC=C1)NC(=O)C2=NC=CN=C2)(O)O,6.205572843551636,5.554538309574127,4.771908283233643
DB00190,C[C@](CC1=CC(=C(C=C1)O)O)(C(=O)O)NN,5.612823724746704,5.566454708576202,4.614027142524719
DB00191,CC(C)(CC1=CC=CC=C1)N,5.841814041137695,5.644337296485901,5.27336049079895
DB00193,CN(C)C[C@H]1CCCC[C@@]1(C2=CC(=CC=C2)OC)O,6.340587615966797,6.1713287234306335,5.501549124717712
DB00195,CC(C)NCC(COC1=CC=C(C=C1)CCOCC2CC2)O,6.64396870136261,6.031477570533752,6.146370053291321
DB00199,CC[C@@H]1[C@@]([C@@H]([C@H](C(=O)[C@@H](C[C@@]([C@@H]([C@H]([C@@H]([C@H](C(=O)O1)C)O[C@H]2C[C@@]([C@H]([C@@H](O2)C)O)(C)OC)C)O[C@H]3[C@@H]([C@H](C[C@H](O3)C)N(C)C)O)(C)O)C)C)O)(C)O,6.624149978160858,6.672587156295776,5.775434195995331
DB00201,CN1C=NC2=C1C(=O)N(C(=O)N2C)C,5.827960729598999,5.814296245574951,5.298294305801392
DB00203,CCCC1=NN(C2=C1N=C(NC2=O)C3=C(C=CC(=C3)S(=O)(=O)N4CCN(CC4)C)OCC)C,6.638278007507324,6.471076965332031,6.541620910167694
DB00204,CN(CCC1=CC=C(C=C1)NS(=O)(=O)C)CCOC2=CC=C(C=C2)NS(=O)(=O)C,6.458181381225586,5.877891898155212,5.933102905750275
DB00206,CO[C@H]1[C@@H](C[C@@H]2CN3CCC4=C([C@H]3C[C@@H]2[C@@H]1C(=O)OC)NC5=C4C=CC(=C5)OC)OC(=O)C6=CC(=C(C(=C6)OC)OC)OC,6.938737392425537,6.145595908164978,5.854986608028412
DB00208,C1CN(CC2=C1SC=C2)CC3=CC=CC=C3Cl,7.406501531600952,6.128306567668915,6.20862078666687
DB00210,COC1=C(C=C(C=C1)C2=CC3=C(C=C2)C=C(C=C3)C(=O)O)C45CC6CC(C4)CC(C6)C5,6.467975676059723,6.54014265537262,6.130928575992584
DB00211,COC1=CC(=C(C=C1)OC)C(CNC(=O)CN)O,5.545245587825775,5.540564775466919,4.822560906410217
DB00213,COC1=C(C(=NC=C1)CS(=O)C2=NC3=C(N2)C=C(C=C3)OC(F)F)OC,6.382863759994507,6.056647181510925,5.6090587973594666
DB00214,CC1=CC(=CC=C1)NC2=C(C=NC=C2)S(=O)(=O)NC(=O)NC(C)C,6.028138279914856,5.620736300945282,5.221526384353638
DB00215,CN(C)CCCC1(C2=C(CO1)C=C(C=C2)C#N)C3=CC=C(C=C3)F,6.960603356361389,7.011727333068848,6.911963999271393
DB00216,CN1CCC[C@@H]1CC2=CNC3=C2C=C(C=C3)CCS(=O)(=O)C4=CC=CC=C4,6.875445365905762,6.403348445892334,6.162096798419952
DB00218,COC1=C2C(=CC(=C1N3C[C@@H]4CCCN[C@@H]4C3)F)C(=O)C(=CN2C5CC5)C(=O)O,5.565674126148224,6.200287461280823,4.946631669998169
DB00221,CCC(C(C1=CC(=C(C=C1)O)O)O)NC(C)C,6.161179184913635,5.509688913822174,5.199818193912506
DB00222,CCC1=C(CN(C1=O)C(=O)NCCC2=CC=C(C=C2)S(=O)(=O)NC(=O)NC3CCC(CC3)C)C,6.396348655223846,5.513357579708099,5.159809768199921
DB00226,C1CCC2(CC1)OCC(O2)CN=C(N)N,6.000186443328857,5.5364426374435425,5.299415946006775
DB00227,CC[C@H](C)C(=O)O[C@H]1C[C@H](C=C2[C@H]1[C@H]([C@H](C=C2)C)CC[C@@H]3C[C@H](CC(=O)O3)O)C,6.113998055458069,6.073197901248932,5.086788356304169
DB00230,CC(C)C[C@@H](CC(=O)O)CN,5.537140905857086,5.261096894741058,4.351895034313202
DB00240,C[C@@H]1C[C@H]2[C@@H]3[C@@H](CC4=CC(=O)C=C[C@@]4([C@H]3[C@H](C[C@@]2([C@]1(C(=O)CO)O)C)O)C)Cl,7.580308020114899,6.445054829120636,6.709652483463287
DB00241,CC(C)CC1(C(=O)NC(=O)NC1=O)CC=C,5.690829575061798,5.56503438949585,4.643509387969971
DB00242,C1[C@@H]([C@H](O[C@H]1N2C=NC3=C(N=C(N=C32)Cl)N)CO)O,5.667675614356995,6.062094807624817,5.089608550071716
DB00244,C1=CC(=C(C=C1N)C(=O)O)O,5.44948410987854,5.247872412204742,4.411839067935944
DB00245,CN1[C@@H]2CC[C@H]1CC(C2)OC(C3=CC=CC=C3)C4=CC=CC=C4,6.335047662258148,6.20589405298233,6.076484680175781
DB00246,C1CN(CCN1CCC2=C(C=C3C(=C2)CC(=O)N3)Cl)C4=NSC5=CC=CC=C54,6.9010080099105835,7.904224216938019,7.116358995437622
DB00248,CCNC(=O)N(CCCN(C)C)C(=O)[C@@H]1C[C@H]2[C@@H](CC3=CNC4=CC=CC2=C34)N(C1)CC=C,7.147146940231323,7.370026230812073,6.966805338859558
DB00252,C1=CC=C(C=C1)C2(C(=O)NC(=O)N2)C3=CC=CC=C3,6.371836185455322,5.593232691287994,5.359245181083679
DB00255,CC/C(=C(/CC)\C1=CC=C(C=C1)O)/C2=CC=C(C=C2)O,5.660104215145111,5.529448986053467,4.718367338180542
DB00257,C1=CC=C(C=C1)C(C2=CC=CC=C2)(C3=CC=CC=C3Cl)N4C=CN=C4,6.226849317550659,6.109133720397949,5.559889137744904
DB00262,C(CCl)NC(=O)N(CCCl)N=O,5.982306241989136,5.1958290338516235,4.720654726028442
DB00264,CC(C)NCC(COC1=CC=C(C=C1)CCOC)O,6.870530068874359,5.644545614719391,5.952735185623169
DB00268,CCCN(CCC)CCC1=C2CC(=O)NC2=CC=C1,6.808728456497192,6.175348401069641,6.002159118652344
DB00270,CC1=C(C(C(=C(N1)C)C(=O)OC(C)C)C2=CC=CC3=NON=C32)C(=O)OC,6.244667172431946,6.145888447761536,5.549020528793335
DB00273,CC1(O[C@@H]2CO[C@@]3([C@H]([C@@H]2O1)OC(O3)(C)C)COS(=O)(=O)N)C,6.174128949642181,5.724008917808533,5.066025137901306
DB00275,CCCC1=NC(=C(N1CC2=CC=C(C=C2)C3=CC=CC=C3C4=NNN=N4)C(=O)O)C(C)(C)O,6.111222803592682,5.8292548060417175,4.898174166679382
DB00277,CN1C2=C(C(=O)N(C1=O)C)NC=N2,6.220295488834381,5.896825432777405,5.668423652648926
DB00278,C[C@@H]1CCN([C@H](C1)C(=O)O)C(=O)[C@H](CCCN=C(N)N)NS(=O)(=O)C2=CC=CC3=C2NCC(C3)C,6.217003405094147,7.000457584857941,6.545079052448273
DB00279,C1=CC(=C(C=C1OC2=C(C=C(C=C2I)C[C@@H](C(=O)O)N)I)I)O,6.2205169796943665,5.654125332832336,5.159601509571075
DB00280,CC(C)N(CCC(C1=CC=CC=C1)(C2=CC=CC=N2)C(=O)N)C(C)C,5.933601379394531,6.057690680027008,5.145919680595398
DB00281,CCN(CC)CC(=O)NC1=C(C=CC=C1C)C,6.283371925354004,5.4387213587760925,4.977250337600708
DB00282,C(CN)C(O)(P(=O)(O)O)P(=O)(O)O,5.497846841812134,5.416400372982025,4.554654181003571
DB00284,C[C@@H]1[C@H]([C@@H]([C@H]([C@H](O1)O[C@@H]2[C@H](O[C@@H]([C@@H]([C@H]2O)O)O[C@H]([C@@H](CO)O)[C@@H]([C@H](C=O)O)O)CO)O)O)N[C@H]3C=C([C@H]([C@@H]([C@H]3O)O)O)CO,6.519612729549408,5.880611002445221,5.584634065628052
DB00285,CN(C)CC(C1=CC=C(C=C1)OC)C2(CCCCC2)O,6.503161072731018,5.7134053111076355,5.628911077976227
DB00287,CC(C)OC(=O)CCC/C=C\C[C@H]1[C@H](C[C@H]([C@@H]1/C=C/[C@H](COC2=CC=CC(=C2)C(F)(F)F)O)O)O,7.568357229232788,7.10530161857605,7.192468166351318
DB00289,CC1=CC=CC=C1O[C@H](CCNC)C2=CC=CC=C2,6.286479711532593,5.465758800506592,5.058287560939789
DB00290,CC1=C(N=C(N=C1N)[C@H](CC(=O)N)NC[C@@H](C(=O)N)N)C(=O)N[C@@H]([C@H](C2=CN=CN2)OC3C(C(C(C(O3)CO)O)O)OC4C(C(C(C(O4)CO)O)OC(=O)N)O)C(=O)N[C@H](C)[C@H]([C@H](C)C(=O)N[C@@H]([C@@H](C)O)C(=O)NCCC5=NC(=CS5)C6=NC(=CS6)C(=O)NCCC[S+](C)C)O,7.255395352840424,6.7642181515693665,6.0767791867256165
DB00295,CN1CC[C@]23[C@@H]4[C@H]1CC5=C2C(=C(C=C5)O)O[C@H]3[C@H](C=C4)O,6.04403018951416,6.12332957983017,5.133440852165222
DB00297,CCCCN1CCCCC1C(=O)NC2=C(C=CC=C2C)C,6.922066271305084,6.100762724876404,6.255773067474365
DB00302,C1CC(CCC1CN)C(=O)O,5.55290949344635,5.367491960525513,4.703168570995331
DB00304,CC[C@]12CC(=C)[C@H]3[C@H]([C@@H]1CC[C@]2(C#C)O)CCC4=CCCC[C@H]34,6.38373190164566,6.046452701091766,5.311158537864685
DB00307,CC1=CC2=C(C=C1C(=C)C3=CC=C(C=C3)C(=O)O)C(CCC2(C)C)(C)C,5.931681394577026,5.909773349761963,5.319618582725525
DB00308,CCCCCCCN(CC)CCCC(C1=CC=C(C=C1)NS(=O)(=O)C)O,5.964840650558472,6.032582104206085,5.589131474494934
DB00310,C1=CC=C2C(=C1)C(=O)NC2(C3=CC(=C(C=C3)Cl)S(=O)(=O)N)O,6.673240959644318,6.444548070430756,6.231802701950073
DB00313,CCCC(CCC)C(=O)O,5.547103464603424,5.143628120422363,4.543075352907181
DB00315,CN(C)CCC1=CNC2=C1C=C(C=C2)C[C@H]3COC(=O)N3,5.932327330112457,6.494596838951111,5.571974754333496
DB00316,CC(=O)NC1=CC=C(C=C1)O,6.026608049869537,5.22221827507019,4.926948010921478
DB00318,CN1CC[C@]23[C@@H]4[C@H]1CC5=C2C(=C(C=C5)OC)O[C@H]3[C@H](C=C4)O,6.109086096286774,6.52687680721283,5.797223687171936
DB00320,C[C@@]1(C(=O)N2[C@H](C(=O)N3CCC[C@H]3[C@@]2(O1)O)CC4=CC=CC=C4)NC(=O)[C@@H]5C[C@H]6[C@@H](CC7=CNC8=CC=CC6=C78)N(C5)C,8.098262667655945,7.143800377845764,7.593016982078552
DB00321,CN(C)CCC=C1C2=CC=CC=C2CCC3=CC=CC=C31,6.440779805183411,5.617813289165497,5.6409324407577515
DB00323,CC1=CC=C(C=C1)C(=O)C2=CC(=C(C(=C2)O)O)[N+](=O)[O-],5.432806849479675,5.236265122890472,4.350055932998657
DB00324,C[C@H]1C[C@H]2[C@@H]3CC[C@@]([C@]3(C[C@@H]([C@@]2([C@@]4(C1=CC(=O)C=C4)C)F)O)C)(C(=O)C)O,7.005953848361969,6.602929651737213,6.4867103099823
DB00325,[C-]#N.[C-]#N.[C-]#N.[C-]#N.[C-]#N.[N-]=O.[Fe+4],5.491108238697052,5.07217800617218,4.39358577132225
DB00327,CN1CC[C@]23[C@@H]4[C@H]1CC5=C2C(=C(C=C5)O)O[C@H]3C(=O)CC4,6.47510701417923,6.855500876903534,6.105500102043152
DB00328,CC1=C(C2=C(N1C(=O)C3=CC=C(C=C3)Cl)C=CC(=C2)OC)CC(=O)O,5.967280924320221,5.402267813682556,4.687213957309723
DB00331,CN(C)C(=N)N=C(N)N,5.348901808261871,5.4316205978393555,4.762883365154266
DB00332,CC(C)[N+]1([C@@H]2CC[C@H]1CC(C2)OC(=O)C(CO)C3=CC=CC=C3)C,6.552006721496582,6.19106650352478,5.996761322021484
DB00333,CCC(=O)C(CC(C)N(C)C)(C1=CC=CC=C1)C2=CC=CC=C2,5.504649221897125,5.643213272094727,4.7427895069122314
DB00334,CC1=CC2=C(S1)NC3=CC=CC=C3N=C2N4CCN(CC4)C,6.493384122848511,7.62827855348587,7.403660178184509
DB00335,CC(C)NCC(COC1=CC=C(C=C1)CC(=O)N)O,6.257314205169678,5.779515385627747,5.590609133243561
DB00337,CC[C@@H]1/C=C(/C[C@@H](C[C@@H]([C@@H]2[C@H](C[C@H]([C@@](O2)(C(=O)C(=O)N3CCCC[C@H]3C(=O)O[C@@H]([C@@H]([C@H](CC1=O)O)C)/C(=C/[C@@H]4CC[C@@H]([C@@H](C4)OC)Cl)/C)O)C)OC)OC)C)\C,7.737499356269836,6.681844770908356,7.419190883636475
DB00338,CC1=CN=C(C(=C1OC)C)CS(=O)C2=NC3=C(N2)C=C(C=C3)OC,6.217251539230347,5.681686222553253,5.2301483154296875
DB00342,CC(C)(C)C1=CC=C(C=C1)C(CCCN2CCC(CC2)C(C3=CC=CC=C3)(C4=CC=CC=C4)O)O,6.255209505558014,6.2343485951423645,5.706990003585815
DB00343,CC(=O)O[C@@H]1[C@@H](SC2=CC=CC=C2N(C1=O)CCN(C)C)C3=CC=C(C=C3)OC,7.301326155662537,6.574551284313202,6.850704610347748
DB00346,CN(CCCNC(=O)C1CCCO1)C2=NC3=CC(=C(C=C3C(=N2)N)OC)OC,6.286490976810455,6.1303830742836,5.610823750495911
DB00350,C1CCN(CC1)C2=NC(=N)N(C(=C2)N)O,5.624276340007782,5.5140538811683655,4.575308263301849
DB00351,CC1=C[C@@H]2[C@H](CC[C@]3([C@H]2CC[C@@]3(C(=O)C)OC(=O)C)C)[C@@]4(C1=CC(=O)CC4)C,6.893315255641937,5.934151351451874,5.68370920419693
DB00353,CC[C@@H](CO)NC(=O)[C@H]1CN([C@@H]2CC3=CNC4=CC=CC(=C34)C2=C1)C,6.280216217041016,5.789537191390991,5.177635908126831
DB00354,CC(C)(C)C1=CC=C(C=C1)CN2CCN(CC2)C(C3=CC=CC=C3)C4=CC=C(C=C4)Cl,6.035331130027771,6.549826085567474,5.863254725933075
DB00356,C1=CC2=C(C=C1Cl)NC(=O)O2,5.9597407579422,5.398403227329254,4.772564649581909
DB00357,CCC1(CCC(=O)NC1=O)C2=CC=C(C=C2)N,6.13936460018158,5.903318345546722,5.288362979888916
DB00361,CCC1=C[C@H]2C[C@@](C3=C(CN(C2)C1)C4=CC=CC=C4N3)(C5=C(C=C6C(=C5)[C@]78CCN9[C@H]7[C@@](C=CC9)([C@H]([C@@]([C@@H]8N6C)(C(=O)OC)O)OC(=O)C)CC)OC)C(=O)OC,7.458899736404419,7.9815826416015625,7.750009834766388
DB00363,CN1CCN(CC1)C2=NC3=C(C=CC(=C3)Cl)NC4=CC=CC=C42,6.351932883262634,6.773116171360016,6.234989762306213
DB00364,C([C@@H]1[C@H]([C@@H]([C@H]([C@H](O1)O[C@]2([C@H]([C@@H]([C@H](O2)COS(=O)(=O)O[Al])OS(=O)(=O)O[Al])OS(=O)(=O)O[Al])COS(=O)(=O)O[Al])OS(=O)(=O)O[Al])OS(=O)(=O)O[Al])OS(=O)(=O)O[Al])OS(=O)(=O)O[Al].O.O.O.O.O.O.O.O.O.O.O.O.O.O.O.O.O.O.O.O.[Al],6.188697159290314,6.101470649242401,5.709992408752441
DB00366,CC(C1=CC=CC=C1)(C2=CC=CC=N2)OCCN(C)C,5.308853209018707,6.082587957382202,4.777168393135071
DB00367,CC[C@]12CC[C@H]3[C@H]([C@@H]1CC[C@]2(C#C)O)CCC4=CC(=O)CC[C@H]34,7.002543091773987,6.323258757591248,6.280304431915283
DB00368,C1=CC(=C(C=C1[C@H](CN)O)O)O,5.837197721004486,5.305262506008148,4.606904089450836
DB00371,CCCC(C)(COC(=O)N)COC(=O)N,5.264526605606079,5.475370109081268,4.4472625851631165
DB00373,CC(C)(C)NC[C@@H](COC1=NSN=C1N2CCOCC2)O,6.690857648849487,6.273262560367584,6.223525822162628
DB00374,CCCCC[C@@H](CC[C@H]1[C@@H](C[C@H]2[C@@H]1CC3=C(C2)C(=CC=C3)OCC(=O)O)O)O,7.6451263427734375,5.950123369693756,6.3539562821388245
DB00376,C1CCC(CC1)C(CCN2CCCCC2)(C3=CC=CC=C3)O,6.473176956176758,5.53276914358139,5.238519251346588
DB00379,CC1=C(C(=CC=C1)C)OCC(C)N,6.078489542007446,5.4225470423698425,5.030338764190674
DB00380,C[C@@H](CN1CC(=O)NC(=O)C1)N2CC(=O)NC(=O)C2,5.689173400402069,5.73500120639801,4.89006894826889
DB00381,CCOC(=O)C1=C(NC(=C(C1C2=CC=CC=C2Cl)C(=O)OC)C)COCCN,6.4113834500312805,6.080107629299164,5.190476357936859
DB00382,C1CCC2=NC3=CC=CC=C3C(=C2C1)N,5.896101176738739,5.649390876293182,5.099096596240997
DB00384,C1=CC=C(C=C1)C2=NC3=C(N=C(N=C3N=C2N)N)N,5.481971442699432,5.485922336578369,4.599510014057159
DB00385,CCCCC(=O)OCC(=O)[C@]1(C[C@@H](C2=C(C1)C(=C3C(=C2O)C(=O)C4=C(C3=O)C=CC=C4OC)O)O[C@H]5C[C@@H]([C@@H]([C@@H](O5)C)O)NC(=O)C(F)(F)F)O,6.883307099342346,6.3889710903167725,5.745949149131775
DB00387,C1CCC(CC1)C(CCN2CCCC2)(C3=CC=CC=C3)O,6.4715041518211365,5.530799865722656,5.235655188560486
DB00388,CNC[C@@H](C1=CC(=CC=C1)O)O,6.361695289611816,5.661955893039703,5.124706149101257
DB00390,C[C@@H]1[C@H]([C@H](C[C@@H](O1)O[C@@H]2[C@H](O[C@H](C[C@@H]2O)O[C@@H]3[C@H](O[C@H](C[C@@H]3O)O[C@H]4CC[C@]5([C@@H](C4)CC[C@@H]6[C@@H]5C[C@H]([C@]7([C@@]6(CC[C@@H]7C8=CC(=O)OC8)O)C)O)C)C)C)O)O,6.449262261390686,6.303106188774109,5.421858310699463
DB00393,CC1=C(C(C(=C(N1)C)C(=O)OC(C)C)C2=CC(=CC=C2)[N+](=O)[O-])C(=O)OCCOC,6.868024230003357,6.095748543739319,5.819717466831207
DB00394,CCC(=O)OCC(=O)[C@]1([C@H](C[C@@H]2[C@@]1(C[C@@H]([C@]3([C@H]2CCC4=CC(=O)C=C[C@@]43C)Cl)O)C)C)OC(=O)CC,7.341955244541168,6.4162216782569885,6.6325377225875854
DB00397,C[C@@H]([C@@H](C1=CC=CC=C1)O)N,6.459037780761719,5.50772750377655,5.5287617444992065
DB00398,CNC(=O)C1=NC=CC(=C1)OC2=CC=C(C=C2)NC(=O)NC3=CC(=C(C=C3)Cl)C(F)(F)F,6.4364970326423645,5.889690279960632,5.605816960334778
DB00399,C1=CN(C=N1)CC(O)(P(=O)(O)O)P(=O)(O)O,5.8474836349487305,6.106530845165253,5.36735999584198
DB00401,CC1=C(C(C(=C(N1)C)C(=O)OCC(C)C)C2=CC=CC=C2[N+](=O)[O-])C(=O)OC,6.587823808193207,5.801629722118378,5.36064076423645
DB00404,CC1=NN=C2N1C3=C(C=C(C=C3)Cl)C(=NC2)C4=CC=CC=C4,6.431959509849548,6.444380104541779,6.033564865589142
DB00408,CN1CCN(CC1)C2=NC3=CC=CC=C3OC4=C2C=C(C=C4)Cl,6.667758345603943,6.858595192432404,6.567806601524353
DB00412,CN(CCOC1=CC=C(C=C1)CC2C(=O)NC(=O)S2)C3=CC=CC=N3,7.015224933624268,5.848417520523071,5.373093783855438
DB00413,CCCN[C@H]1CCC2=C(C1)SC(=N2)N,5.886223316192627,5.645978212356567,4.911704182624817
DB00414,CC(=O)C1=CC=C(C=C1)S(=O)(=O)NC(=O)NC2CCCCC2,5.692640066146851,5.387708008289337,4.8497812151908875
DB00419,CCCCN1C[C@@H]([C@H]([C@@H]([C@H]1CO)O)O)O,5.962760150432587,5.7331565618515015,4.876843154430389
DB00421,CC(=O)S[C@@H]1CC2=CC(=O)CC[C@@]2([C@@H]3[C@@H]1[C@@H]4CC[C@]5([C@]4(CC3)C)CCC(=O)O5)C,6.4703147411346436,6.222675383090973,5.764858663082123
DB00422,COC(=O)C(C1CCCCN1)C2=CC=CC=C2,6.254269123077393,6.045149624347687,5.680848062038422
DB00424,CN1[C@@H]2CC[C@H]1CC(C2)OC(=O)[C@H](CO)C3=CC=CC=C3,6.369544446468353,6.246887981891632,5.988131165504456
DB00428,CN(C(=O)N[C@@H]1[C@H]([C@@H]([C@H](O[C@@H]1O)CO)O)O)N=O,5.960479497909546,5.229225277900696,4.801549136638641
DB00433,CN1CCN(CC1)CCCN2C3=CC=CC=C3SC4=C2C=C(C=C4)Cl,6.97422856092453,8.150898933410645,8.274640917778015
DB00434,CN1CCC(=C2C3=CC=CC=C3C=CC4=CC=CC=C42)CC1,6.165478467941284,5.334933638572693,4.9502387046813965
DB00436,C1=CC=C(C=C1)CC2NC3=C(C=C(C(=C3)C(F)(F)F)S(=O)(=O)N)S(=O)(=O)N2,6.212259531021118,6.201014935970306,5.566795706748962
DB00437,C1=NNC2=C1C(=O)NC=N2,5.502039790153503,5.535723626613617,4.767443537712097
DB00441,C1=CN(C(=O)N=C1N)[C@H]2C([C@@H]([C@H](O2)CO)O)(F)F,5.810741186141968,5.830877125263214,4.941704213619232
DB00443,C[C@H]1C[C@H]2[C@@H]3CCC4=CC(=O)C=C[C@@]4([C@]3([C@H](C[C@@]2([C@]1(C(=O)CO)O)C)O)F)C,7.74298495054245,6.99364048242569,7.386704802513123
DB00444,COC1=CC(=CC(=C1O)OC)[C@H]2[C@@H]3[C@H](COC3=O)[C@@H](C4=CC5=C(C=C24)OCO5)O[C@H]6[C@@H]([C@H]([C@H]7[C@H](O6)CO[C@H](O7)C8=CC=CS8)O)O,6.325149238109589,5.992471277713776,4.756310760974884
DB00445,C[C@H]1[C@@H]([C@H](C[C@@H](O1)O[C@H]2C[C@@](CC3=C2C(=C4C(=C3O)C(=O)C5=C(C4=O)C(=CC=C5)OC)O)(C(=O)CO)O)N)O,6.601495563983917,6.5673006772994995,5.7194435596466064
DB00448,CC1=C(C=CN=C1CS(=O)C2=NC3=CC=CC=C3N2)OCC(F)(F)F,6.367079436779022,5.741317987442017,5.091754376888275
DB00449,CC(C)(C)C(=O)OC1=C(C=C(C=C1)C(CNC)O)OC(=O)C(C)(C)C,5.739396631717682,5.8416343331336975,4.91374796628952
DB00451,C1=C(C=C(C(=C1I)OC2=CC(=C(C(=C2)I)O)I)I)C[C@@H](C(=O)O)N,5.905776381492615,5.7214744091033936,5.107227087020874
DB00454,CCOC(=O)C1(CCN(CC1)C)C2=CC=CC=C2,6.552121162414551,5.694439232349396,5.358408689498901
DB00457,COC1=C(C=C2C(=C1)C(=NC(=N2)N3CCN(CC3)C(=O)C4=CC=CO4)N)OC,6.063066005706787,5.773203551769257,5.004135429859161
DB00458,CN(C)CCCN1C2=CC=CC=C2CCC3=CC=CC=C31,6.216921925544739,6.681024670600891,6.439916551113129
DB00461,CC(=O)CCC1=CC2=C(C=C1)C=C(C=C2)OC,5.955069124698639,5.411207437515259,4.811374485492706
DB00464,CCCCC(CC)CCC(CC(C)C)OS(=O)(=O)[O-].[Na+],5.84503310918808,5.735203444957733,4.882960796356201
DB00465,C1CN2C(=CC=C2C(=O)C3=CC=CC=C3)C1C(=O)O,7.155057013034821,5.559078931808472,5.39885401725769
DB00468,COC1=CC2=C(C=CN=C2C=C1)[C@H]([C@@H]3C[C@@H]4CCN3C[C@@H]4C=C)O,6.788392066955566,5.862401306629181,5.834598004817963
DB00470,CCCCCC1=CC(=C2[C@@H]3C=C(CC[C@H]3C(OC2=C1)(C)C)C)O,6.463644862174988,5.928099095821381,5.555149495601654
DB00471,CC(C)(C1=CC=CC=C1CC[C@H](C2=CC=CC(=C2)/C=C/C3=NC4=C(C=CC(=C4)Cl)C=C3)SCC5(CC5)CC(=O)O)O,7.084839642047882,7.13506543636322,6.257524073123932
DB00472,CNCCC(C1=CC=CC=C1)OC2=CC=C(C=C2)C(F)(F)F,5.9838868379592896,6.0032639503479,5.265474796295166
DB00475,CN=C1CN(C(=C2C=C(C=CC2=N1)Cl)C3=CC=CC=C3)O,7.285653531551361,5.778770744800568,5.739211797714233
DB00476,CNCC[C@@H](C1=CC=CS1)OC2=CC=CC3=CC=CC=C32,6.283350825309753,5.905488550662994,4.935930550098419
DB00477,CN(C)CCCN1C2=CC=CC=C2SC3=C1C=C(C=C3)Cl,6.594421803951263,8.224080860614777,8.250191688537598
DB00480,C1CC(=O)NC(=O)C1N2CC3=C(C2=O)C=CC=C3N,7.143280029296875,5.696560919284821,5.804205119609833
DB00481,C1CCN(CC1)CCOC2=CC=C(C=C2)C(=O)C3=C(SC4=C3C=CC(=C4)O)C5=CC=C(C=C5)O,6.854213893413544,6.221371531486511,5.797256112098694
DB00482,CC1=CC=C(C=C1)C2=CC(=NN2C3=CC=C(C=C3)S(=O)(=O)N)C(F)(F)F,5.692201316356659,5.521915435791016,4.731174647808075
DB00484,C1CN=C(N1)NC2=C(C3=NC=CN=C3C=C2)Br,5.854872643947601,5.857800304889679,5.129355490207672
DB00489,CC(C)NCC(C1=CC=C(C=C1)NS(=O)(=O)C)O,5.893545389175415,5.973063409328461,5.617283582687378
DB00490,C1CCC2(C1)CC(=O)N(C(=O)C2)CCCCN3CCN(CC3)C4=NC=CC=N4,6.9896005392074585,6.981401860713959,6.337292671203613
DB00491,C1[C@@H]([C@H]([C@@H]([C@H](N1CCO)CO)O)O)O,5.905558228492737,5.616519451141357,4.657854914665222
DB00492,CCC(=O)O[C@H](C(C)C)O[P@](=O)(CCCCC1=CC=CC=C1)CC(=O)N2C[C@@H](C[C@H]2C(=O)O)C3CCCCC3,7.109744668006897,6.129416525363922,6.704284608364105
DB00494,CCN(CC)C(=O)/C(=C/C1=CC(=C(C(=C1)O)O)[N+](=O)[O-])/C#N,5.647323787212372,5.388222932815552,4.570464372634888
DB00497,CN1CC[C@]23[C@@H]4C(=O)CC[C@]2([C@H]1CC5=C3C(=C(C=C5)OC)O4)O,6.594344258308411,7.430334687232971,6.988373041152954
DB00499,CC(C)C(=O)NC1=CC(=C(C=C1)[N+](=O)[O-])C(F)(F)F,5.979750692844391,5.248411953449249,4.940251410007477
DB00500,CC1=CC=C(C=C1)C(=O)C2=CC=C(N2C)CC(=O)O,5.776478886604309,5.432929575443268,4.586956858634949
DB00501,CC1=C(N=CN1)CSCCNC(=NC)NC#N,6.713703811168671,5.558629810810089,5.7889097929000854
DB00502,C1CN(CCC1(C2=CC=C(C=C2)Cl)O)CCCC(=O)C3=CC=C(C=C3)F,7.157537877559662,7.5072038769721985,7.017531335353851
DB00508,CN(C)CCCN1C2=CC=CC=C2SC3=C1C=C(C=C3)C(F)(F)F,6.590950429439545,8.433557569980621,8.185997128486633
DB00514,CN1CC[C@@]23CCCC[C@@H]2[C@@H]1CC4=C3C=C(C=C4)OC,6.532071769237518,6.566596508026123,6.407974600791931
DB00515,N.N.Cl[Pt+2]Cl,5.187693178653717,5.0556347370147705,4.336474418640137
DB00519,CCOC(=O)[C@H](CCC1=CC=CC=C1)N[C@@H](C)C(=O)N2[C@H]3CCCC[C@@H]3C[C@H]2C(=O)O,7.245051026344299,5.663317382335663,5.934402644634247
DB00521,CC(C)(C)NCC(COC1=CC=CC2=C1CCC(=O)N2)O,6.565380573272705,6.671625852584839,6.358179569244385
DB00523,CC1=C(C(CCC1)(C)C)/C=C/C(=C\C=C\C(=C\C(=O)O)\C)/C,6.360102534294128,5.3953604102134705,4.9584227204322815
DB00524,CC1NC2=CC(=C(C=C2C(=O)N1C3=CC=CC=C3C)S(=O)(=O)N)Cl,6.33447140455246,6.4273340702056885,6.050114631652832
DB00527,CCCCOC1=NC2=CC=CC=C2C(=C1)C(=O)NCCN(CC)CC,6.1141791343688965,5.99798184633255,5.429873585700989
DB00530,COCCOC1=C(C=C2C(=C1)C(=NC=N2)NC3=CC=CC(=C3)C#C)OCCOC,6.048994660377502,5.961382627487183,5.303447127342224
DB00532,CCC1(C(=O)N(C(=O)N1)C)C2=CC=CC=C2,7.158149480819702,5.975134015083313,5.956111669540405
DB00535,C=CC1=C(N2[C@@H]([C@@H](C2=O)NC(=O)/C(=N\O)/C3=CSC(=N3)N)SC1)C(=O)O,7.4165812730789185,5.903462111949921,5.685964941978455
DB00536,C(=N)(N)N,5.348930537700653,5.1430981159210205,4.495759338140488
DB00537,C1CC1N2C=C(C(=O)C3=CC(=C(C=C32)N4CCNCC4)F)C(=O)O,5.804853618144989,6.016537725925446,4.954720318317413
DB00540,CNCCC=C1C2=CC=CC=C2CCC3=CC=CC=C31,6.905823528766632,5.557805955410004,5.79623281955719
DB00541,CC[C@@]1(C[C@H]2C[C@@](C3=C(CCN(C2)C1)C4=CC=CC=C4N3)(C5=C(C=C6C(=C5)[C@]78CCN9[C@H]7[C@@](C=CC9)([C@H]([C@@]([C@@H]8N6C=O)(C(=O)OC)O)OC(=O)C)CC)OC)C(=O)OC)O,7.771642506122589,6.77622127532959,6.5610471367836
DB00542,CCOC(=O)[C@H](CCC1=CC=CC=C1)N[C@H]2CCC3=CC=CC=C3N(C2=O)CC(=O)O,6.874177277088165,5.680752456188202,5.476346909999847
DB00544,C1=C(C(=O)NC(=O)N1)F,6.033267319202423,5.408126175403595,4.963591039180756
DB00545,C[N+]1=CC=CC(=C1)OC(=O)N(C)C,5.565433979034424,5.519584000110626,4.578912407159805
DB00547,C[C@@H]1C[C@H]2[C@@H]3CCC4=CC(=O)C=C[C@@]4([C@]3([C@H](C[C@@]2([C@H]1C(=O)CO)C)O)F)C,6.721506178379059,6.233824789524078,5.860077857971191
DB00548,C(CCCC(=O)O)CCCC(=O)O,5.495780289173126,5.048547327518463,4.3432988822460175
DB00549,CC1=CC=CC=C1S(=O)(=O)NC(=O)C2=CC(=C(C=C2)CC3=CN(C4=C3C=C(C=C4)NC(=O)OC5CCCC5)C)OC,6.872702538967133,6.58410120010376,6.293785750865936
DB00550,CCCC1=CC(=O)NC(=S)N1,6.3440539836883545,5.721841037273407,5.201062440872192
DB00552,C1[C@@H]([C@H](O[C@H]1N2C=NC3=C2NC=NC[C@H]3O)CO)O,5.968714237213135,5.896286725997925,5.180295348167419
DB00554,CN1C(=C(C2=CC=CC=C2S1(=O)=O)O)C(=O)NC3=CC=CC=N3,5.731755018234253,5.603046238422394,4.691807508468628
DB00555,C1=CC(=C(C(=C1)Cl)Cl)C2=C(N=C(N=N2)N)N,5.852589964866638,5.632437705993652,4.9071908593177795
DB00557,C1CN(CCN1CCOCCO)C(C2=CC=CC=C2)C3=CC=C(C=C3)Cl,6.856022596359253,6.401009798049927,6.407553970813751
DB00559,CC(C)(C)C1=CC=C(C=C1)S(=O)(=O)NC2=C(C(=NC(=N2)C3=NC=CC=N3)OCCO)OC4=CC=CC=C4OC,5.5825440883636475,6.653578042984009,5.232715010643005
DB00563,CN(CC1=CN=C2C(=N1)C(=NC(=N2)N)N)C3=CC=C(C=C3)C(=O)N[C@@H](CCC(=O)O)C(=O)O,6.084091246128082,5.703737735748291,4.897938430309296
DB00564,C1=CC=C2C(=C1)C=CC3=CC=CC=C3N2C(=O)N,6.062998175621033,5.629559814929962,5.148634612560272
DB00569,CO[C@@H]1[C@@H]([C@H]([C@@H]([C@H](O1)COS(=O)(=O)O)O[C@H]2[C@@H]([C@H]([C@@H]([C@@H](O2)C(=O)O)O[C@@H]3[C@@H]([C@H]([C@@H]([C@H](O3)COS(=O)(=O)O)O[C@H]4[C@@H]([C@H]([C@@H]([C@H](O4)C(=O)O)O[C@@H]5[C@@H]([C@H]([C@@H]([C@H](O5)COS(=O)(=O)O)O)O)NS(=O)(=O)O)O)O)OS(=O)(=O)O)NS(=O)(=O)O)O)OS(=O)(=O)O)O)NS(=O)(=O)O,5.876397550106049,5.908069729804993,5.125131964683533
DB00570,CC[C@@]1(C[C@H]2C[C@@](C3=C(CCN(C2)C1)C4=CC=CC=C4N3)(C5=C(C=C6C(=C5)[C@]78CCN9[C@H]7[C@@](C=CC9)([C@H]([C@@]([C@@H]8N6C)(C(=O)OC)O)OC(=O)C)CC)OC)C(=O)OC)O,7.531282842159271,6.919260382652283,6.586753189563751
DB00571,CC(C)NCC(COC1=CC=CC2=CC=CC=C21)O,6.483653545379639,5.905815780162811,5.639696955680847
DB00572,CN1[C@@H]2CC[C@H]1CC(C2)OC(=O)C(CO)C3=CC=CC=C3,6.368377685546875,6.245542347431183,5.985661745071411
DB00573,CC(C1=CC(=CC=C1)OC2=CC=CC=C2)C(=O)O,6.1149022579193115,5.394454836845398,5.03826904296875
DB00575,C1CN=C(N1)NC2=C(C=CC=C2Cl)Cl,5.98406594991684,6.044077038764954,5.350805342197418
DB00583,C[N+](C)(C)C[C@@H](CC(=O)[O-])O,5.382120192050934,5.199164509773254,4.4522824883461
DB00584,CCOC(=O)[C@H](CCC1=CC=CC=C1)N[C@@H](C)C(=O)N2CCC[C@H]2C(=O)O,6.775977611541748,5.651139259338379,5.455613970756531
DB00585,CN/C(=C\[N+](=O)[O-])/NCCSCC1=CSC(=N1)CN(C)C,5.990518748760223,5.604233503341675,4.976462662220001
DB00586,C1=CC=C(C(=C1)CC(=O)O)NC2=C(C=CC=C2Cl)Cl,6.382952868938446,5.722383558750153,5.514544129371643
DB00588,CCC(=O)O[C@@]1([C@@H](C[C@@H]2[C@@]1(C[C@@H]([C@]3([C@H]2C[C@@H](C4=CC(=O)C=C[C@@]43C)F)F)O)C)C)C(=O)SCF,6.998809099197388,6.128960728645325,5.9704514145851135
DB00590,COC1=C(C=C2C(=C1)C(=NC(=N2)N3CCN(CC3)C(=O)C4COC5=CC=CC=C5O4)N)OC,5.768429279327393,6.237838864326477,5.171950042247772
DB00591,C[C@]12C[C@@H]([C@]3([C@H]([C@@H]1C[C@@H]4[C@]2(OC(O4)(C)C)C(=O)CO)C[C@@H](C5=CC(=O)C=C[C@@]53C)F)F)O,7.243298888206482,6.088357925415039,6.187751114368439
DB00594,C1(=C(N=C(C(=N1)Cl)N)N)C(=O)N=C(N)N,5.722875893115997,5.5253419280052185,4.963984966278076
DB00596,C[C@H]1C[C@H]2[C@@H]3C[C@@H](C4=CC(=O)C=C[C@@]4([C@]3([C@H](C[C@@]2([C@]1(C(=O)CCl)O)C)O)F)C)F,7.653933584690094,6.847174525260925,7.131729900836945
DB00598,CC(CCC1=CC=CC=C1)NCC(C2=CC(=C(C=C2)O)C(=O)N)O,7.200245976448059,5.715280473232269,5.879712879657745
DB00603,C[C@H]1C[C@@H]2[C@H](CC[C@]3([C@H]2CC[C@@]3(C(=O)C)OC(=O)C)C)[C@@]4(C1=CC(=O)CC4)C,6.908604741096497,5.745346784591675,5.540163040161133
DB00604,CO[C@H]1CN(CC[C@H]1NC(=O)C2=CC(=C(C=C2OC)N)Cl)CCCOC3=CC=C(C=C3)F,6.861404597759247,6.559170067310333,6.063377380371094
DB00605,CC\1=C(C2=C(/C1=C\C3=CC=C(C=C3)S(=O)C)C=CC(=C2)F)CC(=O)O,5.632670700550079,6.176070034503937,4.986447870731354
DB00608,CCN(CC)CCCC(C)NC1=C2C=CC(=CC2=NC=C1)Cl,6.587870299816132,6.526505351066589,6.17267632484436
DB00611,C1CC[C@]2([C@@H]3CC4=C([C@@]2(C1)CCN3CC5CCC5)C=C(C=C4)O)O,6.995376408100128,6.87397962808609,6.527170836925507
DB00612,CC(C)NCC(COC1=CC=C(C=C1)COCCOC(C)C)O,6.348068118095398,5.605534195899963,5.608740329742432
DB00619,CC1=C(C=C(C=C1)NC(=O)C2=CC=C(C=C2)CN3CCN(CC3)C)NC4=NC=CC(=N4)C5=CN=CC=C5,6.892631471157074,6.1990543603897095,6.04394143819809
DB00620,C[C@]12C[C@@H]([C@]3([C@H]([C@@H]1C[C@H]([C@@]2(C(=O)CO)O)O)CCC4=CC(=O)C=C[C@@]43C)F)O,7.589177072048187,6.890926480293274,7.18420797586441
DB00622,CC1=C(C(C(=C(N1)C)C(=O)OCCN(C)CC2=CC=CC=C2)C3=CC(=CC=C3)[N+](=O)[O-])C(=O)OC,7.341165065765381,6.298396825790405,6.11150848865509
DB00623,C1CN(CCN1CCCN2C3=CC=CC=C3SC4=C2C=C(C=C4)C(F)(F)F)CCO,7.420526742935181,8.663163781166077,8.717235445976257
DB00624,C[C@]12CC[C@H]3[C@H]([C@@H]1CC[C@@H]2O)CCC4=CC(=O)CC[C@]34C,6.097994446754456,6.259252727031708,5.880379855632782
DB00627,C1=CC(=CN=C1)C(=O)O,6.052361071109772,5.380245089530945,4.738263785839081
DB00630,C(CC(O)(P(=O)(O)O)P(=O)(O)O)CN,5.285669028759003,5.665067553520203,4.647998750209808
DB00631,C1=NC2=C(N=C(N=C2N1[C@H]3[C@H]([C@@H]([C@H](O3)CO)O)F)Cl)N,5.763497412204742,6.184646129608154,5.345992803573608
DB00635,C[C@]12CC(=O)[C@H]3[C@H]([C@@H]1CC[C@@]2(C(=O)CO)O)CCC4=CC(=O)C=C[C@]34C,6.504798710346222,6.32251101732254,5.87715345621109
DB00636,CCOC(=O)C(C)(C)OC1=CC=C(C=C1)Cl,5.865585148334503,5.763253033161163,5.053571343421936
DB00637,COC1=CC=C(C=C1)CCN2CCC(CC2)NC3=NC4=CC=CC=C4N3CC5=CC=C(C=C5)F,6.620343625545502,5.873706221580505,5.457540333271027
DB00640,C1=NC(=C2C(=N1)N(C=N2)[C@H]3[C@@H]([C@@H]([C@H](O3)CO)O)O)N,5.454546809196472,5.618298411369324,4.878102540969849
DB00641,CCC(C)(C)C(=O)O[C@H]1C[C@H](C=C2[C@H]1[C@H]([C@H](C=C2)C)CC[C@@H]3C[C@H](CC(=O)O3)O)C,5.898745179176331,6.556796371936798,5.197117745876312
DB00642,C1=CC(=CC=C1CCC2=CNC3=C2C(=O)NC(=N3)N)C(=O)N[C@@H](CCC(=O)O)C(=O)O,5.992132127285004,5.6235849261283875,4.866400420665741
DB00644,CC(C)CC(C(=O)NC(CCCN=C(N)N)C(=O)N1CCCC1C(=O)NCC(=O)N)NC(=O)CNC(=O)C(CC2=CC=C(C=C2)O)NC(=O)C(CO)NC(=O)C(CC3=CNC4=CC=CC=C43)NC(=O)C(CC5=CN=CN5)NC(=O)C6CCC(=O)N6,6.744102597236633,7.904472529888153,7.020075678825378
DB00647,CCC(=O)O[C@](CC1=CC=CC=C1)(C2=CC=CC=C2)[C@H](C)CN(C)C,5.84821230173111,5.915212333202362,5.252439498901367
DB00651,CN1C2=C(C(=O)N(C1=O)C)N(C=N2)CC(CO)O,5.966287434101105,6.215172290802002,5.661434233188629
DB00652,C[C@H]1[C@H]2CC3=C([C@@]1(CCN2CC=C(C)C)C)C=C(C=C3)O,8.056010663509369,6.1958834528923035,7.209046900272369
DB00653,[O-]S(=O)(=O)[O-].[Mg+2],5.219970762729645,5.253843128681183,4.590891569852829
DB00654,CC(C)OC(=O)CCC/C=C\C[C@H]1[C@H](C[C@H]([C@@H]1CC[C@H](CCC2=CC=CC=C2)O)O)O,7.467875361442566,5.818765759468079,6.336072862148285
DB00655,C[C@]12CC[C@H]3[C@H]([C@@H]1CCC2=O)CCC4=C3C=CC(=C4)O,6.674323260784149,5.999163508415222,5.637314736843109
DB00657,CC1(C2CCC(C2)C1(C)NC)C,6.094204425811768,5.607297599315643,5.22372305393219
DB00659,CC(=O)NCCCS(=O)(=O)O,5.500397801399231,5.4217928647994995,4.846115052700043
DB00661,CC(C)C(CCCN(C)CCC1=CC(=C(C=C1)OC)OC)(C#N)C2=CC(=C(C=C2)OC)OC,6.84178352355957,6.502941370010376,6.508593678474426
DB00668,CNC[C@@H](C1=CC(=C(C=C1)O)O)O,6.329825162887573,5.430014550685883,4.832096219062805
DB00669,CNS(=O)(=O)CC1=CC2=C(C=C1)NC=C2CCN(C)C,5.965566277503967,6.246674716472626,5.4877142906188965
DB00672,CCCNC(=O)NS(=O)(=O)C1=CC=C(C=C1)Cl,5.547721683979034,5.347513318061829,4.492103010416031
DB00674,CN1CC[C@@]23C=C[C@@H](C[C@@H]2OC4=C(C=CC(=C34)C1)OC)O,6.799300312995911,7.031226217746735,6.813233971595764
DB00675,CC/C(=C(\C1=CC=CC=C1)/C2=CC=C(C=C2)OCCN(C)C)/C3=CC=CC=C3,6.525461554527283,5.7835653424263,5.521253764629364
DB00678,CCCCC1=NC(=C(N1CC2=CC=C(C=C2)C3=CC=CC=C3C4=NNN=N4)CO)Cl,6.57210111618042,5.829523384571075,5.482608497142792
DB00679,CN1CCCCC1CCN2C3=CC=CC=C3SC4=C2C=C(C=C4)SC,6.873701214790344,7.587130188941956,7.532689332962036
DB00682,CC(=O)CC(C1=CC=CC=C1)C2=C(C3=CC=CC=C3OC2=O)O,5.773487031459808,5.876858413219452,5.134526371955872
DB00686,C1[C@H]([C@@H]([C@H]([C@@H](O1)O[C@@H]2CO[C@H]([C@@H]([C@H]2OS(=O)(=O)O)OS(=O)(=O)O)O)OS(=O)(=O)O)OS(=O)(=O)O)O,5.644006967544556,5.363696753978729,4.470076769590378
DB00687,C[C@]12CCC(=O)C=C1CC[C@@H]3[C@@]2([C@H](C[C@]4([C@H]3CC[C@@]4(C(=O)CO)O)C)O)F,7.224652528762817,6.6941903829574585,6.542032539844513
DB00691,CCOC(=O)[C@H](CCC1=CC=CC=C1)N[C@@H](C)C(=O)N2CC3=CC(=C(C=C3C[C@H]2C(=O)O)OC)OC,7.180485844612122,5.578408658504486,5.802850723266602
DB00692,CC1=CC=C(C=C1)N(CC2=NCCN2)C3=CC(=CC=C3)O,5.656481146812439,5.81292724609375,4.666976988315582
DB00694,C[C@H]1[C@H]([C@H](C[C@@H](O1)O[C@H]2C[C@@](CC3=C2C(=C4C(=C3O)C(=O)C5=C(C4=O)C(=CC=C5)OC)O)(C(=O)C)O)N)O,6.944969713687897,6.35142195224762,5.689359724521637
DB00695,C1=COC(=C1)CNC2=CC(=C(C=C2C(=O)O)S(=O)(=O)N)Cl,6.248951077461243,6.0936320424079895,5.83345103263855
DB00696,C[C@@]1(C(=O)N2[C@H](C(=O)N3CCC[C@H]3[C@@]2(O1)O)CC4=CC=CC=C4)NC(=O)[C@H]5CN([C@@H]6CC7=CNC8=CC=CC(=C78)C6=C5)C,7.267058253288269,6.425464868545532,6.314078152179718
DB00697,C1CN=C(N1)NC2=C(C=CC3=NSN=C32)Cl,6.23535281419754,6.31153404712677,5.837010383605957
DB00704,C1CC1CN2CC[C@]34[C@@H]5C(=O)CC[C@]3([C@H]2CC6=C4C(=C(C=C6)O)O5)O,6.763334035873413,7.067858994007111,6.472645699977875
DB00706,CCOC1=CC=CC=C1OCCN[C@H](C)CC2=CC(=C(C=C2)OC)S(=O)(=O)N,7.06246018409729,6.621830940246582,6.5478169322013855
DB00710,CCCCCN(C)CCC(O)(P(=O)(O)O)P(=O)(O)O,6.1233192682266235,5.412868797779083,4.88686740398407
DB00712,CC(C1=CC(=C(C=C1)C2=CC=CC=C2)F)C(=O)O,6.0854299664497375,5.533557295799255,5.118399441242218
DB00714,CN1CCC2=C3[C@H]1CC4=C(C3=CC=C2)C(=C(C=C4)O)O,6.244947016239166,6.649017095565796,6.550050854682922
DB00715,C1CNC[C@H]([C@@H]1C2=CC=C(C=C2)F)COC3=CC4=C(C=C3)OCO4,6.933679521083832,6.335835039615631,5.978689908981323
DB00716,CCCC1=C2C(=CC3=C1OC(=CC3=O)C(=O)O)C(=O)C=C(N2CC)C(=O)O,6.5518375635147095,6.286302804946899,5.735134243965149
DB00717,C[C@]12CC[C@H]3[C@H]([C@@H]1CC[C@]2(C#C)O)CCC4=CC(=O)CC[C@H]34,6.896598756313324,6.155105292797089,6.079428970813751
DB00721,CCN(CC)CCOC(=O)C1=CC=C(C=C1)N,5.6943575739860535,5.481045663356781,4.772839426994324
DB00722,C1C[C@H](N(C1)C(=O)[C@H](CCCCN)N[C@@H](CCC2=CC=CC=C2)C(=O)O)C(=O)O,6.102859437465668,5.991466164588928,5.544772982597351
DB00724,CC(C)CN1C=NC2=C1C3=CC=CC=C3N=C2N,5.281605958938599,5.493723511695862,4.469636976718903
DB00727,C(C(CO[N+](=O)[O-])O[N+](=O)[O-])O[N+](=O)[O-],5.467551410198212,5.268662631511688,4.68709397315979
DB00731,CC(C)C1CCC(CC1)C(=O)N[C@H](CC2=CC=CC=C2)C(=O)O,6.405068218708038,5.67794394493103,5.349191069602966
DB00733,C[N+]1=CC=CC=C1/C=N/O,6.2653928399086,5.916039764881134,5.756883025169373
DB00734,CC1=C(C(=O)N2CCCCC2=N1)CCN3CCC(CC3)C4=NOC5=C4C=CC(=C5)F,7.3926631808280945,8.125349044799805,7.7316619753837585
DB00736,CC1=CN=C(C(=C1OC)C)C[S@](=O)C2=NC3=C(N2)C=C(C=C3)OC,6.216269910335541,5.6804434061050415,5.230458736419678
DB00741,C[C@]12CCC(=O)C=C1CC[C@@H]3[C@@H]2[C@H](C[C@]4([C@H]3CC[C@@]4(C(=O)CO)O)C)O,6.654657959938049,6.231511414051056,5.860566794872284
DB00744,CC(C1=CC2=CC=CC=C2S1)N(C(=O)N)O,5.854901969432831,5.898596227169037,5.126478016376495
DB00745,C1=CC=C(C=C1)C(C2=CC=CC=C2)S(=O)CC(=O)N,5.80916702747345,5.796808063983917,5.1675945520401
DB00747,CN1[C@@H]2CC(C[C@H]1[C@H]3[C@@H]2O3)OC(=O)[C@H](CO)C4=CC=CC=C4,6.505410254001617,5.828671455383301,5.636559307575226
DB00749,CCC1=C2C(=CC=C1)C3=C(N2)C(OCC3)(CC)CC(=O)O,7.142057180404663,6.052795171737671,5.991286218166351
DB00750,CCCNC(C)C(=O)NC1=CC=CC=C1C,6.657992720603943,5.442829608917236,5.382152855396271
DB00754,CCN1C(=O)C(NC1=O)C2=CC=CC=C2,6.315657377243042,6.328959226608276,5.979599416255951
DB00755,CC1=C(C(CCC1)(C)C)/C=C/C(=C/C=C/C(=C/C(=O)O)/C)/C,6.360795199871063,5.3967602252960205,4.959246873855591
DB00757,C1[C@@H]2CC(C[C@H]3N2CC(=O)C1C3)OC(=O)C4=CNC5=CC=CC=C54,6.649674654006958,6.345103681087494,6.155682325363159
DB00758,COC(=O)[C@H](C1=CC=CC=C1Cl)N2CCC3=C(C2)C=CS3,6.56448358297348,6.321778833866119,5.826651990413666
DB00759,C[C@@]1([C@H]2C[C@H]3[C@@H](C(=O)C(=C([C@]3(C(=O)C2=C(C4=C1C=CC=C4O)O)O)O)C(=O)N)N(C)C)O,7.19920152425766,6.741274297237396,6.717467188835144
DB00762,CCC1=C2CN3C(=CC4=C(C3=O)COC(=O)[C@@]4(CC)O)C2=NC5=C1C=C(C=C5)OC(=O)N6CCC(CC6)N7CCCCC7,7.887080013751984,6.239232122898102,6.002562165260315
DB00763,CN1C=CNC1=S,5.702211797237396,5.7704890966415405,5.093116462230682
DB00765,C[C@](CC1=CC=C(C=C1)O)(C(=O)O)N,5.708640217781067,5.6432512402534485,4.811742007732391
DB00771,C[N+]12CCC(CC1)C(C2)OC(=O)C(C3=CC=CC=C3)(C4=CC=CC=C4)O,5.912613570690155,6.454504191875458,5.316281378269196
DB00773,C[C@@H]1OC[C@@H]2[C@@H](O1)[C@@H]([C@H]([C@@H](O2)O[C@H]3[C@H]4COC(=O)[C@@H]4[C@@H](C5=CC6=C(C=C35)OCO6)C7=CC(=C(C(=C7)OC)O)OC)O)O,6.387677371501923,5.937898814678192,5.07338011264801
DB00775,CCCCS(=O)(=O)N[C@@H](CC1=CC=C(C=C1)OCCCCC2CCNCC2)C(=O)O,6.216469407081604,5.923835456371307,5.280050337314606
DB00776,C1C2=CC=CC=C2N(C3=CC=CC=C3C1=O)C(=O)N,5.920753657817841,5.889244556427002,5.253103196620941
DB00783,C[C@]12CC[C@H]3[C@H]([C@@H]1CC[C@@H]2O)CCC4=C3C=CC(=C4)O,6.697707891464233,6.373170495033264,6.063474893569946
DB00788,C[C@@H](C1=CC2=C(C=C1)C=C(C=C2)OC)C(=O)O,6.140590131282806,5.209140241146088,4.973820745944977
DB00790,CCC[C@@H](C(=O)OCC)N[C@@H](C)C(=O)N1[C@H]2CCCC[C@H]2C[C@H]1C(=O)O,6.56328958272934,5.389252007007599,5.013887166976929
DB00794,CCC1(C(=O)NCNC1=O)C2=CC=CC=C2,6.503650963306427,5.8735790848731995,5.777560651302338
DB00795,C1=CC=NC(=C1)NS(=O)(=O)C2=CC=C(C=C2)N=NC3=CC(=C(C=C3)O)C(=O)O,5.577245116233826,5.853378653526306,4.718693733215332
DB00796,CCOC1=NC2=CC=CC(=C2N1CC3=CC=C(C=C3)C4=CC=CC=C4C5=NNN=N5)C(=O)OC(C)OC(=O)OC6CCCCC6,6.703410387039185,5.869158029556274,5.300487756729126
DB00800,C1CNCC(C2=CC(=C(C(=C21)Cl)O)O)C3=CC=C(C=C3)O,6.434532284736633,6.182927489280701,5.582262873649597
DB00804,CCN(CC)CCOC(=O)C1(CCCCC1)C2CCCCC2,6.343863487243652,5.581922173500061,5.2302550077438354
DB00806,CC(=O)CCCCN1C(=O)C2=C(N=CN2C)N(C1=O)C,6.135396897792816,5.571647942066193,5.061103045940399
DB00808,CC1CC2=CC=CC=C2N1NC(=O)C3=CC(=C(C=C3)Cl)S(=O)(=O)N,6.093855202198029,6.684763729572296,6.244571328163147
DB00810,C1CCN(CC1)CCC(C2CC3CC2C=C3)(C4=CC=CC=C4)O,6.469510495662689,6.472980618476868,5.909321188926697
DB00813,CCC(=O)N(C1CCN(CC1)CCC2=CC=CC=C2)C3=CC=CC=C3,6.384344398975372,5.6592618227005005,5.707176566123962
DB00814,CC1=CN=C(S1)NC(=O)C2=C(C3=CC=CC=C3S(=O)(=O)N2C)O,6.14960253238678,5.588757395744324,4.9271915555000305
DB00816,CC(C)NCC(C1=CC(=CC(=C1)O)O)O,5.925684869289398,5.459230065345764,4.822690904140472
DB00819,CC(=O)NC1=NN=C(S1)S(=O)(=O)N,5.569491028785706,5.69093531370163,4.831643283367157
DB00820,CN1CC(=O)N2[C@@H](C1=O)CC3=C([C@H]2C4=CC5=C(C=C4)OCO5)NC6=CC=CC=C36,6.565976321697235,7.077920138835907,6.52418726682663
DB00822,CCN(CC)C(=S)SSC(=S)N(CC)CC,5.638765573501587,5.179479777812958,4.475998938083649
DB00829,CN1C(=O)CN=C(C2=C1C=CC(=C2)Cl)C3=CC=CC=C3,6.411108434200287,5.950741171836853,5.2700194120407104
DB00831,CN1CCN(CC1)CCCN2C3=CC=CC=C3SC4=C2C=C(C=C4)C(F)(F)F,7.011462390422821,8.386759400367737,8.279475688934326
DB00839,CC1=CC=C(C=C1)S(=O)(=O)NC(=O)NN2CCCCCC2,5.791357934474945,5.46272486448288,4.724973440170288
DB00843,COC1=C(C=C2C(=C1)CC(C2=O)CC3CCN(CC3)CC4=CC=CC=C4)OC,6.357975721359253,6.105135202407837,5.49606055021286
DB00844,C1CC(C1)CN2CC[C@]34[C@@H]5[C@H](CC[C@]3([C@H]2CC6=C4C(=C(C=C6)O)O5)O)O,6.855644166469574,6.6932045221328735,6.0982412695884705
DB00846,C[C@]12CCC(=O)C=C1[C@H](C[C@@H]3[C@@H]2[C@H](C[C@]4([C@H]3C[C@@H]5[C@]4(OC(O5)(C)C)C(=O)CO)C)O)F,7.049972414970398,5.891689360141754,5.924999117851257
DB00848,C1CSC2=N[C@H](CN21)C3=CC=CC=C3,6.366207599639893,5.574343979358673,5.164062798023224
DB00851,CN(C)/N=N/C1=C(NC=N1)C(=O)N,5.658837080001831,5.473905086517334,4.8084118366241455
DB00852,C[C@@H]([C@H](C1=CC=CC=C1)O)NC,6.458932042121887,5.4858702421188354,5.334264636039734
DB00860,C[C@]12C[C@@H]([C@H]3[C@H]([C@@H]1CC[C@@]2(C(=O)CO)O)CCC4=CC(=O)C=C[C@]34C)O,6.586143374443054,5.962200284004211,5.49754399061203
DB00861,C1=CC(=C(C=C1C2=C(C=C(C=C2)F)F)C(=O)O)O,6.0237956047058105,5.676069140434265,4.683565855026245
DB00863,CNC(=C[N+](=O)[O-])NCCSCC1=CC=C(O1)CN(C)C,5.589510500431061,5.391843318939209,4.54295414686203
DB00864,C[C@@H]1C[C@@H]([C@@H]2[C@H](C[C@H]([C@@](O2)(C(=O)C(=O)N3CCCC[C@H]3C(=O)O[C@@H]([C@@H]([C@H](CC(=O)[C@@H](/C=C(/C1)\C)CC=C)O)C)/C(=C/[C@@H]4CC[C@H]([C@@H](C4)OC)O)/C)O)C)OC)OC,7.295545160770416,6.661058306694031,6.906055569648743
DB00865,C[C@@H](CC1=CC=CC=C1)N(C)CC2=CC=CC=C2,6.572342872619629,5.765274286270142,5.884335517883301
DB00868,CCCCNC1=CC=C(C=C1)C(=O)OCCOCCOCCOCCOCCOCCOCCOCCOCCOC,6.275861203670502,5.753046154975891,5.521179914474487
DB00869,CCN[C@H]1C[C@@H](S(=O)(=O)C2=C1C=C(S2)S(=O)(=O)N)C,6.040803670883179,5.7881075739860535,5.3802918791770935
DB00871,CC(C)(C)NCC(C1=CC(=CC(=C1)O)O)O,5.520802974700928,5.52824342250824,4.536045134067535
DB00876,CCCCC1=NC=C(N1CC2=CC=C(C=C2)C(=O)O)/C=C(\CC3=CC=CS3)/C(=O)O,6.282482087612152,6.25377482175827,5.378470599651337
DB00880,C1=C2C(=CC(=C1Cl)S(=O)(=O)N)S(=O)(=O)N=CN2,5.910897493362427,6.0443034172058105,5.481086075305939
DB00881,CCOC(=O)[C@H](CCC1=CC=CC=C1)N[C@@H](C)C(=O)N2CC3=CC=CC=C3C[C@H]2C(=O)O,7.557759523391724,5.617127060890198,6.1836689710617065
DB00882,CCN(CC)CCOC1=CC=C(C=C1)C(=C(C2=CC=CC=C2)Cl)C3=CC=CC=C3,6.6017826199531555,5.710083723068237,5.446755826473236
DB00883,C1[C@H]([C@@H]2[C@H](O1)[C@H](CO2)O[N+](=O)[O-])O[N+](=O)[O-],5.345834195613861,5.128119945526123,4.2343223094940186
DB00884,C1=CC(=CN=C1)CC(O)(P(=O)(O)O)P(=O)(O)O,5.942904710769653,5.763016402721405,5.056594371795654
DB00887,CCCCNC1=C(C(=CC(=C1)C(=O)O)S(=O)(=O)N)OC2=CC=CC=C2,5.895857632160187,5.954238653182983,5.360508680343628
DB00889,CN1[C@@H]2CCC[C@H]1CC(C2)NC(=O)C3=NN(C4=CC=CC=C43)C,6.123511612415314,5.860937774181366,5.227902710437775
DB00898,CCO,5.359885632991791,5.166729509830475,4.4658039808273315
DB00899,CCC(=O)N(C1=CC=CC=C1)C2(CCN(CC2)CCC(=O)OC)C(=O)OC,6.2507346868515015,5.968396604061127,5.602219223976135
DB00903,CCC(=C)C(=O)C1=C(C(=C(C=C1)OCC(=O)O)Cl)Cl,6.570159554481506,5.437560558319092,4.936081886291504
DB00904,CC1=NC=CN1CC2CCC3=C(C2=O)C4=CC=CC=C4N3C,5.715466499328613,6.284042775630951,5.4610573053359985
DB00905,CCNC(=O)CCC/C=C\C[C@H]1[C@H](C[C@H]([C@@H]1/C=C/[C@H](CCC2=CC=CC=C2)O)O)O,7.350659430027008,5.918316662311554,6.2524502873420715
DB00907,CN1[C@H]2CC[C@@H]1[C@H]([C@H](C2)OC(=O)C3=CC=CC=C3)C(=O)OC,6.49184387922287,5.6177167892456055,5.410309016704559
DB00908,COC1=CC2=C(C=CN=C2C=C1)[C@@H]([C@H]3C[C@@H]4CCN3C[C@@H]4C=C)O,6.790650546550751,5.86204731464386,5.832975506782532
DB00909,C1=CC=C2C(=C1)C(=NO2)CS(=O)(=O)N,5.793063998222351,5.92793071269989,5.217752695083618
DB00912,CCOC1=C(C=CC(=C1)CC(=O)N[C@@H](CC(C)C)C2=CC=CC=C2N3CCCCC3)C(=O)O,6.676096260547638,6.330553591251373,5.889694333076477
DB00915,C1C2CC3CC1CC(C2)(C3)N,6.276854872703552,5.422750294208527,5.326586842536926
DB00917,CCCCC[C@@H](/C=C/[C@H]1[C@@H](CC(=O)[C@@H]1C/C=C\CCCC(=O)O)O)O,6.979471147060394,6.160234987735748,5.838108003139496
DB00918,CN(C)CCC1=CNC2=C1C=C(C=C2)CS(=O)(=O)N3CCCC3,6.3536553382873535,6.479827582836151,5.922205865383148
DB00921,C[C@]([C@H]1C[C@@]23CC[C@@]1([C@H]4[C@@]25CCN([C@@H]3CC6=C5C(=C(C=C6)O)O4)CC7CC7)OC)(C(C)(C)C)O,6.3274664878845215,6.867441654205322,5.694163918495178
DB00924,CN(C)CCC=C1C2=CC=CC=C2C=CC3=CC=CC=C31,6.230260074138641,5.325510382652283,5.172540903091431
DB00925,CC(COC1=CC=CC=C1)N(CCCl)CC2=CC=CC=C2,6.923185229301453,5.5655317306518555,5.746849358081818
DB00927,C1=C(N=C(S1)N=C(N)N)CSCCC(=NS(=O)(=O)N)N,6.28606104850769,5.72808164358139,5.1931233406066895
DB00928,C1=NC(=NC(=O)N1[C@H]2[C@@H]([C@@H]([C@H](O2)CO)O)O)N,5.769161403179169,5.615939140319824,5.000537574291229
DB00929,CCCCC(C)(C/C=C/[C@H]1[C@@H](CC(=O)[C@@H]1CCCCCCC(=O)OC)O)O,6.38539445400238,7.089572191238403,6.316493093967438
DB00933,CN1CCCCC1CCN2C3=CC=CC=C3SC4=C2C=C(C=C4)S(=O)C,7.076980233192444,7.7648579478263855,7.633535921573639
DB00936,C1=CC=C(C(=C1)C(=O)O)O,6.060011148452759,5.219733476638794,4.826298236846924
DB00937,CCN(CC)C(C)C(=O)C1=CC=CC=C1,6.349986493587494,5.536386430263519,5.264646232128143
DB00938,C1=CC=C(C=C1)CCCCOCCCCCCNCC(C2=CC(=C(C=C2)O)CO)O,6.759838700294495,5.872595012187958,5.607383191585541
DB00939,CC1=C(C(=C(C=C1)Cl)NC2=CC=CC=C2C(=O)O)Cl,6.3235087394714355,5.681943953037262,5.554326415061951
DB00945,CC(=O)OC1=CC=CC=C1C(=O)O,5.856325626373291,5.248838663101196,4.765127897262573
DB00947,C[C@]12CC[C@H]3[C@H]([C@@H]1CC[C@@H]2O)[C@@H](CC4=C3C=CC(=C4)O)CCCCCCCCCS(=O)CCCC(C(F)(F)F)(F)F,6.932124495506287,6.778118669986725,6.141317427158356
DB00952,CNS(=O)(=O)CCC1=CC2=C(C=C1)NC=C2C3CCN(CC3)C,5.90253746509552,5.983651757240295,5.012540638446808
DB00953,CN(C)CCC1=CNC2=C1C=C(C=C2)CN3C=NC=N3,5.894523084163666,6.08442759513855,5.511875569820404
DB00956,CN1CC[C@]23[C@@H]4[C@H]1CC5=C2C(=C(C=C5)OC)O[C@H]3C(=O)CC4,6.570714294910431,7.335873126983643,6.871294856071472
DB00957,CC[C@]12CC[C@H]3[C@H]([C@@H]1CC[C@]2(C#C)OC(=O)C)CCC4=C/C(=N/O)/CC[C@H]34,6.901466727256775,6.270462870597839,6.25615930557251
DB00959,C[C@H]1C[C@H]2[C@@H]3CC[C@@]([C@]3(C[C@@H]([C@@H]2[C@@]4(C1=CC(=O)C=C4)C)O)C)(C(=O)CO)O,6.552501797676086,6.2040300369262695,5.869205296039581
DB00960,CC(C)NCC(COC1=CC=CC2=C1C=CN2)O,6.707878947257996,5.7753220200538635,5.776535272598267
DB00963,C1=CC(=C(C(=C1)C(=O)C2=CC=C(C=C2)Br)N)CC(=O)O,5.607024252414703,5.5881394147872925,4.637206256389618
DB00966,CCCC1=NC2=C(N1CC3=CC=C(C=C3)C4=CC=CC=C4C(=O)O)C=C(C=C2C)C5=NC6=CC=CC=C6N5C,5.761100471019745,5.30267608165741,4.430737614631653
DB00968,C[C@](CC1=CC(=C(C=C1)O)O)(C(=O)O)N,5.567198038101196,5.636051535606384,4.541552543640137
DB00969,CC1=C(N=CN1)CN2CCC3=C(C2=O)C4=CC=CC=C4N3C,6.017201125621796,5.854916036128998,5.01758337020874
DB00975,C1CCN(CC1)C2=NC(=NC3=C2N=C(N=C3N4CCCCC4)N(CCO)CCO)N(CCO)CCO,5.764856398105621,6.2103630900383,5.760689198970795
DB00977,C[C@]12CC[C@H]3[C@H]([C@@H]1CC[C@]2(C#C)O)CCC4=C3C=CC(=C4)O,6.7641202211380005,6.106335699558258,5.749828040599823
DB00982,CC1=C(C(CCC1)(C)C)/C=C/C(=C/C=C/C(=C\C(=O)O)/C)/C,6.361145555973053,5.395585536956787,4.960040330886841
DB00983,CC(CC1=CC=C(C=C1)OC)NCC(C2=CC(=C(C=C2)O)NC=O)O,7.313084185123444,6.096635341644287,5.996851325035095
DB00987,C1=CN(C(=O)N=C1N)[C@H]2[C@H]([C@@H]([C@H](O2)CO)O)O,5.894043564796448,5.571123898029327,5.0342496037483215
DB00988,C1=CC(=C(C=C1CCN)O)O,5.685565292835236,5.394898414611816,4.535489618778229
DB00989,CCN(C)C(=O)OC1=CC=CC(=C1)[C@H](C)N(C)C,5.872186005115509,5.524238348007202,4.824464738368988
DB00990,C[C@]12CC[C@H]3[C@H]([C@@H]1CCC2=O)CC(=C)C4=CC(=O)C=C[C@]34C,6.288247525691986,5.705527484416962,5.033192992210388
DB00991,C1=CC=C(C=C1)C2=C(OC(=N2)CCC(=O)O)C3=CC=CC=C3,6.09055769443512,5.879001557826996,5.134004712104797
DB00993,CN1C=NC(=C1SC2=NC=NC3=C2NC=N3)[N+](=O)[O-],6.232426583766937,5.501993477344513,5.333676636219025
DB00996,C1CCC(CC1)(CC(=O)O)CN,6.03900933265686,5.685332298278809,5.0835540890693665
DB00997,C[C@H]1[C@H]([C@H](C[C@@H](O1)O[C@H]2C[C@@](CC3=C2C(=C4C(=C3O)C(=O)C5=C(C4=O)C(=CC=C5)OC)O)(C(=O)CO)O)N)O,6.602099537849426,6.566097259521484,5.720672249794006
DB00998,CN[C@@H]1CCC2=C(C1)C3=C(N2)C=CC(=C3)C(=O)N,5.93396258354187,6.090127348899841,5.421029686927795
DB00999,C1NC2=CC(=C(C=C2S(=O)(=O)N1)S(=O)(=O)N)Cl,5.808949172496796,6.033936619758606,5.223587453365326
DB01001,CC(C)(C)NCC(C1=CC(=C(C=C1)O)CO)O,5.675161123275757,5.863991975784302,4.742365896701813
DB01002,CCCCN1CCCC[C@H]1C(=O)NC2=C(C=CC=C2C)C,6.923417627811432,6.100065588951111,6.255675375461578
DB01003,C1=CC2=C(C(=C1)OCC(COC3=CC=CC4=C3C(=O)C=C(O4)C(=O)O)O)C(=O)C=C(O2)C(=O)O,6.829959869384766,5.805960834026337,5.6073495745658875
DB01005,C(=O)(N)NO,5.390466868877411,5.242351830005646,4.562101781368256
DB01006,C1=CC(=CC=C1C#N)C(C2=CC=C(C=C2)C#N)N3C=NC=N3,6.233194947242737,5.696098446846008,5.644682049751282
DB01009,CC(C1=CC(=CC=C1)C(=O)C2=CC=CC=C2)C(=O)O,6.430708169937134,5.58760666847229,5.443478643894196
DB01014,C1=CC(=CC=C1C(=O)NCCC(=O)O)N=NC2=CC(=C(C=C2)O)C(=O)O,6.061678767204285,5.650494813919067,5.1031177043914795
DB01016,COC1=C(C=C(C=C1)Cl)C(=O)NCCC2=CC=C(C=C2)S(=O)(=O)NC(=O)NC3CCCCC3,6.232538521289825,5.973622381687164,5.454184174537659
DB01017,CN(C)[C@H]1[C@@H]2C[C@@H]3CC4=C(C=CC(=C4C(=C3C(=O)[C@@]2(C(=C(C1=O)C(=O)N)O)O)O)O)N(C)C,7.113604426383972,6.922576129436493,6.6135382652282715
DB01018,C1=CC(=C(C(=C1)Cl)CC(=O)N=C(N)N)Cl,5.667232036590576,5.890947937965393,5.284074783325195
DB01019,CC(C[N+](C)(C)C)OC(=O)N,5.46320378780365,5.233220756053925,4.495761334896088
DB01020,C1[C@@H]([C@@H]2[C@H](O1)[C@@H](CO2)O[N+](=O)[O-])O,5.4810720682144165,5.177533209323883,4.303635239601135
DB01023,CCOC(=O)C1=C(NC(=C(C1C2=C(C(=CC=C2)Cl)Cl)C(=O)OC)C)C,7.166198194026947,5.979204833507538,5.625239431858063
DB01029,CCCCC1=NC2(CCCC2)C(=O)N1CC3=CC=C(C=C3)C4=CC=CC=C4C5=NNN=N5,6.8093966245651245,6.6462767124176025,6.451632082462311
DB01030,CC[C@@]1(C2=C(COC1=O)C(=O)N3CC4=CC5=C(C=CC(=C5CN(C)C)O)N=C4C3=C2)O,6.618096828460693,6.367162704467773,5.379785418510437
DB01033,C1=NC2=C(N1)C(=S)N=CN2,5.7309534549713135,5.47332239151001,4.805094659328461
DB01035,CCN(CC)CCNC(=O)C1=CC=C(C=C1)N,5.288883447647095,5.851023077964783,4.854410529136658
DB01039,CC(C)OC(=O)C(C)(C)OC1=CC=C(C=C1)C(=O)C2=CC=C(C=C2)Cl,5.544696033000946,5.57842481136322,4.682414472103119
DB01041,C1CC(=O)NC(=O)C1N2C(=O)C3=CC=CC=C3C2=O,6.6760223507881165,5.771274566650391,5.635585188865662
DB01043,CC12CC3CC(C1)(CC(C3)(C2)N)C,5.716485917568207,5.506895005702972,5.037722408771515
DB01045,C[C@H]1/C=C/C=C(\C(=O)NC2=C(C(=C3C(=C2O)C(=C(C4=C3C(=O)[C@](O4)(O/C=C/[C@@H]([C@H]([C@H]([C@@H]([C@@H]([C@@H]([C@H]1O)C)O)C)OC(=O)C)C)OC)C)C)O)O)/C=N/N5CCN(CC5)C)/C,6.361751973628998,6.713663339614868,5.7666327357292175
DB01050,CC(C)CC1=CC=C(C=C1)C(C)C(=O)O,6.08166366815567,5.461863279342651,5.174847185611725
DB01063,CC(=O)C1=CC2=C(C=C1)SC3=CC=CC=C3N2CCCN4CCN(CC4)CCO,7.228808104991913,7.862720608711243,7.981873393058777
DB01064,CC(C)NCC(C1=CC(=C(C=C1)O)O)O,6.160439372062683,5.587139368057251,5.040193259716034
DB01067,CC1=CN=C(C=N1)C(=O)NCCC2=CC=C(C=C2)S(=O)(=O)NC(=O)NC3CCCCC3,5.7796555161476135,5.57468968629837,5.017870485782623
DB01068,C1C(=O)NC2=C(C=C(C=C2)[N+](=O)[O-])C(=N1)C3=CC=CC=C3Cl,6.113120019435883,6.164502501487732,5.761595070362091
DB01069,CC(CN1C2=CC=CC=C2SC3=CC=CC=C31)N(C)C,6.409117698669434,6.469423413276672,6.577305436134338
DB01070,C[C@H]\1CC[C@@H](C/C1=C\C=C\2/CCC[C@]3([C@H]2CC[C@@H]3[C@H](C)/C=C/[C@H](C)C(C)C)C)O,7.150950074195862,5.72112238407135,5.775889992713928
DB01073,C1=NC2=C(N=C(N=C2N1[C@H]3[C@H]([C@@H]([C@H](O3)CO)O)O)F)N,5.988595485687256,5.501061201095581,4.9470133781433105
DB01075,CN(C)CCOC(C1=CC=CC=C1)C2=CC=CC=C2,5.9111868143081665,5.6631693840026855,5.391174018383026
DB01076,CC(C)C1=C(C(=C(N1CC[C@H](C[C@H](CC(=O)O)O)O)C2=CC=C(C=C2)F)C3=CC=CC=C3)C(=O)NC4=CC=CC=C4,6.321599960327148,6.109692096710205,5.283438682556152
DB01080,C=CC(CCC(=O)O)N,5.289603531360626,5.3071876764297485,4.34002873301506
DB01083,CCCCCCCCCCC[C@@H](C[C@H]1[C@@H](C(=O)O1)CCCCCC)OC(=O)[C@H](CC(C)C)NC=O,5.782204627990723,5.662642121315002,4.5676440596580505
DB01085,CC[C@H]1[C@H](COC1=O)CC2=CN=CN2C,5.5794729590415955,5.6143380999565125,4.851393640041351
DB01086,CCOC(=O)C1=CC=C(C=C1)N,5.49420291185379,5.209567546844482,4.417594373226166
DB01088,CC#CCC(C)[C@@H](/C=C/[C@H]1[C@@H](C[C@H]2[C@@H]1C/C(=C/CCCC(=O)O)/C2)O)O,6.504378318786621,6.345529019832611,5.980400025844574
DB01095,CC(C)N1C2=CC=CC=C2C(=C1/C=C/[C@@H](C[C@@H](CC(=O)O)O)O)C3=CC=C(C=C3)F,5.6602702140808105,6.008693277835846,4.597944676876068
DB01098,CC(C)C1=NC(=NC(=C1/C=C/[C@H](C[C@H](CC(=O)O)O)O)C2=CC=C(C=C2)F)N(C)S(=O)(=O)C,5.58884334564209,5.667214810848236,4.5969913601875305
DB01099,C1=NC(=O)NC(=C1F)N,5.502545893192291,5.296201527118683,4.4913623332977295
DB01101,CCCCCOC(=O)NC1=NC(=O)N(C=C1F)[C@H]2[C@@H]([C@@H]([C@H](O2)C)O)O,6.300948441028595,5.973606288433075,5.550503671169281
DB01104,CN[C@H]1CC[C@H](C2=CC=CC=C12)C3=CC(=C(C=C3)Cl)Cl,6.510297954082489,5.81310760974884,5.202448606491089
DB01105,CC(C)CC(C1(CCC1)C2=CC=C(C=C2)Cl)N(C)C,6.5146676898002625,5.871918797492981,5.205068647861481
DB01110,C1=CC(=C(C=C1Cl)Cl)COC(CN2C=CN=C2)C3=C(C=C(C=C3)Cl)Cl,6.195836961269379,6.273854553699493,5.67706561088562
DB01113,COC1=C(C=C(C=C1)CC2=NC=CC3=CC(=C(C=C32)OC)OC)OC,5.944414734840393,6.067167222499847,5.553587794303894
DB01115,CC1=C(C(C(=C(N1)C)C(=O)OC)C2=CC=CC=C2[N+](=O)[O-])C(=O)OC,6.419126451015472,5.698122262954712,5.152501463890076
DB01118,CCCCC1=C(C2=CC=CC=C2O1)C(=O)C3=CC(=C(C(=C3)I)OCCN(CC)CC)I,7.005583643913269,6.297530829906464,6.0112175941467285
DB01120,CC1=CC=C(C=C1)S(=O)(=O)NC(=O)NN2CC3CCCC3C2,5.713400483131409,5.724185347557068,4.828884065151215
DB01122,CC[N+](CC)(CCNC(=O)C(=O)NCC[N+](CC)(CC)CC1=CC=CC=C1Cl)CC2=CC=CC=C2Cl,6.678632199764252,5.520711779594421,5.462026238441467
DB01124,CCCCNC(=O)NS(=O)(=O)C1=CC=C(C=C1)C,5.656542956829071,5.20821887254715,4.5338510274887085
DB01125,COC1=CC=C(C=C1)C2C(=O)C3=CC=CC=C3C2=O,5.643403768539429,5.472996115684509,4.892075538635254
DB01128,CC(CS(=O)(=O)C1=CC=C(C=C1)F)(C(=O)NC2=CC(=C(C=C2)C#N)C(F)(F)F)O,6.609135031700134,5.907301306724548,5.552238166332245
DB01129,CC1=C(C=CN=C1CS(=O)C2=NC3=CC=CC=C3N2)OCCCOC,6.205058217048645,5.558870851993561,4.79034686088562
DB01132,CCC1=CN=C(C=C1)CCOC2=CC=C(C=C2)CC3C(=O)NC(=O)S3,6.943387925624847,5.70446503162384,5.345818638801575
DB01133,C1=CC(=CC=C1SC(P(=O)(O)O)P(=O)(O)O)Cl,6.056227743625641,5.686495304107666,4.970163464546204
DB01136,COC1=CC=CC=C1OCCNCC(COC2=CC=CC3=C2C4=CC=CC=C4N3)O,6.752541780471802,5.684487402439117,5.317651689052582
DB01142,CN(C)CC/C=C\1/C2=CC=CC=C2COC3=CC=CC=C31,6.2524484395980835,5.270564794540405,5.0531198382377625
DB01143,C(CN)CNCCSP(=O)(O)O,5.521294116973877,5.428542494773865,4.61450582742691
DB01148,CC1=C(OC2=C(C1=O)C=CC=C2C(=O)OCCN3CCCCC3)C4=CC=CC=C4,6.879166483879089,6.146153390407562,5.84988671541214
DB01151,CNCCCN1C2=CC=CC=C2CCC3=CC=CC=C31,6.471164226531982,6.347227036952972,6.156034350395203
DB01156,CC(C(=O)C1=CC(=CC=C1)Cl)NC(C)(C)C,5.786816895008087,5.830269873142242,4.999567151069641
DB01157,CC1=C(C=CC2=C1C(=NC(=N2)N)N)CNC3=CC(=C(C(=C3)OC)OC)OC,6.496740996837616,6.186843574047089,5.422593951225281
DB01161,CCN(CC)CCOC(=O)C1=C(C=C(C=C1)N)Cl,5.629158318042755,5.681266665458679,4.942175805568695
DB01162,COC1=C(C=C2C(=C1)C(=NC(=N2)N3CCN(CC3)C(=O)C4CCCO4)N)OC,5.727128982543945,5.859846889972687,4.738368928432465
DB01165,CC1COC2=C3N1C=C(C(=O)C3=CC(=C2N4CCN(CC4)C)F)C(=O)O,6.358111619949341,6.589079856872559,5.7834911942481995
DB01167,CCC(C)N1C(=O)N(C=N1)C2=CC=C(C=C2)N3CCN(CC3)C4=CC=C(C=C4)OC[C@H]5CO[C@](O5)(CN6C=NC=N6)C7=C(C=C(C=C7)Cl)Cl,7.0711565017700195,6.563238143920898,6.037766635417938
DB01169,O=[As]O[As]=O,5.263404428958893,5.36158287525177,4.476414144039154
DB01170,C1CCCN(CCC1)CCN=C(N)N,6.12479966878891,5.690308511257172,5.661614954471588
DB01173,CC1=CC=CC=C1C(C2=CC=CC=C2)OCCN(C)C,6.115773975849152,5.773299992084503,5.608415186405182
DB01174,CCC1(C(=O)NC(=O)NC1=O)C2=CC=CC=C2,6.642924904823303,5.599546790122986,5.436944305896759
DB01175,CN(C)CCC[C@@]1(C2=C(CO1)C=C(C=C2)C#N)C3=CC=C(C=C3)F,6.960406184196472,7.01207435131073,6.913375377655029
DB01176,CN1CCN(CC1)C(C2=CC=CC=C2)C3=CC=CC=C3,6.174139320850372,5.953013718128204,5.719983994960785
DB01177,C[C@H]1[C@H]([C@H](C[C@@H](O1)O[C@H]2C[C@@](CC3=C2C(=C4C(=C3O)C(=O)C5=CC=CC=C5C4=O)O)(C(=O)C)O)N)O,6.8371360301971436,6.123002767562866,5.63694554567337
DB01181,C1CN(P(=O)(OC1)NCCCl)CCCl,6.406925559043884,5.71986186504364,5.239676594734192
DB01182,CCCNCC(COC1=CC=CC=C1C(=O)CCC2=CC=CC=C2)O,6.939338743686676,5.58824360370636,5.599804759025574
DB01185,C[C@]12CCC(=O)C=C1CC[C@@H]3[C@@]2([C@H](C[C@]4([C@H]3CC[C@]4(C)O)C)O)F,7.534052193164825,6.427749872207642,6.59477823972702
DB01186,CCCN1C[C@@H](C[C@H]2[C@H]1CC3=CNC4=CC=CC2=C34)CSC,7.3474200963974,6.327726483345032,6.262407064437866
DB01188,CC1=CC(=O)N(C(=C1)C2CCCCC2)O,5.936848938465118,5.490899980068207,4.8731425404548645
DB01189,C(C(F)(F)F)(OC(F)F)F,5.595032691955566,5.3515132665634155,4.717191636562347
DB01192,CN1CC[C@]23[C@@H]4C(=O)CC[C@]2([C@H]1CC5=C3C(=C(C=C5)O)O4)O,6.58364474773407,6.956691026687622,6.322522878646851
DB01193,CCCC(=O)NC1=CC(=C(C=C1)OCC(CNC(C)C)O)C(=O)C,6.1796464920043945,5.468666434288025,5.127708852291107
DB01194,CCN[C@H]1CN(S(=O)(=O)C2=C1C=C(S2)S(=O)(=O)N)CCCOC,6.027204751968384,5.9419926404953,5.120067894458771
DB01195,C1CCNC(C1)CNC(=O)C2=C(C=CC(=C2)OCC(F)(F)F)OCC(F)(F)F,6.243434250354767,6.49634861946106,5.835342884063721
DB01196,C[C@]12CC[C@H]3[C@H]([C@@H]1CC[C@@H]2O)CCC4=C3C=CC(=C4)OC(=O)N(CCCl)CCCl,6.891749024391174,6.214753270149231,5.820730149745941
DB01197,C[C@H](CS)C(=O)N1CCC[C@H]1C(=O)O,5.696048617362976,5.643940210342407,4.816987454891205
DB01200,CC(C)C[C@H]1C(=O)N2CCC[C@H]2[C@]3(N1C(=O)[C@](O3)(C(C)C)NC(=O)[C@H]4CN([C@@H]5CC6=C(NC7=CC=CC(=C67)C5=C4)Br)C)O,6.415760338306427,6.681569993495941,5.589763402938843
DB01202,CC[C@@H](C(=O)N)N1CCCC1=O,5.888603568077087,5.817656338214874,5.3129754066467285
DB01203,CC(C)(C)NCC(COC1=CC=CC2=C1C[C@@H]([C@@H](C2)O)O)O,7.084437847137451,6.0260730385780334,6.289059221744537
DB01204,C1=CC(=C2C(=C1NCCNCCO)C(=O)C3=C(C=CC(=C3C2=O)O)O)NCCNCCO,5.460982143878937,5.8041393756866455,4.764075338840485
DB01210,CC(C)(C)NC[C@@H](COC1=CC=CC2=C1CCCC2=O)O,6.438604950904846,5.842747151851654,5.617737114429474
DB01214,CC1=CC(=C(C(=C1OC(=O)C)C)C)OCC(CNC(C)C)O,6.157422244548798,5.464570999145508,5.097979128360748
DB01216,C[C@]12CC[C@H]3[C@H]([C@@H]1CC[C@@H]2C(=O)NC(C)(C)C)CC[C@@H]4[C@@]3(C=CC(=O)N4)C,6.2723881006240845,6.128553092479706,5.110029458999634
DB01217,CC(C)(C#N)C1=CC(=CC(=C1)CN2C=NC=N2)C(C)(C)C#N,5.553905189037323,5.722504138946533,4.947268605232239
DB01219,C1C(=O)NC(=O)N1/N=C/C2=CC=C(O2)C3=CC=C(C=C3)[N+](=O)[O-],6.237904846668243,5.761773884296417,5.5173379778862
DB01221,CNC1(CCCCC1=O)C2=CC=CC=C2Cl,7.264690279960632,6.22437459230423,6.417640149593353
DB01222,CCCC1O[C@@H]2C[C@H]3[C@@H]4CCC5=CC(=O)C=C[C@@]5([C@H]4[C@H](C[C@@]3([C@@]2(O1)C(=O)CO)C)O)C,7.215053677558899,6.21978884935379,6.248062074184418
DB01223,CN1C2=C(C(=O)N(C1=O)C)NC=N2.CN1C2=C(C(=O)N(C1=O)C)NC=N2.C(CN)N,6.118603944778442,5.899917840957642,5.538469851016998
DB01224,C1CN(CCN1CCOCCO)C2=NC3=CC=CC=C3SC4=CC=CC=C42,7.366408586502075,7.372992396354675,7.501341164112091
DB01228,CN1CCCCC1CCC2=CC=CC=C2NC(=O)C3=CC=C(C=C3)OC,6.81936115026474,6.186782360076904,6.194952666759491
DB01229,CC1=C2[C@H](C(=O)[C@@]3([C@H](C[C@@H]4[C@]([C@H]3[C@@H]([C@@](C2(C)C)(C[C@@H]1OC(=O)[C@@H]([C@H](C5=CC=CC=C5)NC(=O)C6=CC=CC=C6)O)O)OC(=O)C7=CC=CC=C7)(CO4)OC(=O)C)O)C)OC(=O)C,7.692797482013702,6.203549742698669,5.870158612728119
DB01231,C1CCN(CC1)CCCC(C2=CC=CC=C2)(C3=CC=CC=C3)O,6.535951197147369,6.069104552268982,5.754600942134857
DB01233,CCN(CC)CCNC(=O)C1=CC(=C(C=C1OC)N)Cl,5.887328803539276,5.794220685958862,5.0199814438819885
DB01234,C[C@@H]1C[C@H]2[C@@H]3CCC4=CC(=O)C=C[C@@]4([C@]3([C@H](C[C@@]2([C@]1(C(=O)CO)O)C)O)F)C,7.746030509471893,6.995020687580109,7.390136003494263
DB01235,C1=CC(=C(C=C1C[C@@H](C(=O)O)N)O)O,5.779441595077515,5.428558349609375,4.676518738269806
DB01238,C1CC(=O)NC2=C1C=CC(=C2)OCCCCN3CCN(CC3)C4=C(C(=CC=C4)Cl)Cl,7.397559881210327,7.940938472747803,7.646920919418335
DB01240,CCCCC[C@@H](/C=C/[C@H]1[C@@H](C[C@H]2[C@@H]1C/C(=C/CCCC(=O)O)/O2)O)O,6.709831476211548,6.1230069398880005,5.51452511548996
DB01241,CC1=CC(=C(C=C1)C)OCCCC(C)(C)C(=O)O,5.814891338348389,5.429465174674988,4.603219151496887
DB01242,CN(C)CCCN1C2=CC=CC=C2CCC3=C1C=C(C=C3)Cl,6.6724385023117065,7.2584110498428345,7.253928065299988
DB01244,CC(C)COCC(CN(CC1=CC=CC=C1)C2=CC=CC=C2)N3CCCC3,6.577825129032135,5.899832844734192,5.641365230083466
DB01248,CC1=C2[C@H](C(=O)[C@@]3([C@H](C[C@@H]4[C@]([C@H]3[C@@H]([C@@](C2(C)C)(C[C@@H]1OC(=O)[C@@H]([C@H](C5=CC=CC=C5)NC(=O)OC(C)(C)C)O)O)OC(=O)C6=CC=CC=C6)(CO4)OC(=O)C)O)C)O,7.791037201881409,6.459491610527039,5.865764141082764
DB01254,CC1=C(C(=CC=C1)Cl)NC(=O)C2=CN=C(S2)NC3=CC(=NC(=N3)C)N4CCN(CC4)CCO,7.381104290485382,6.304903030395508,5.937436819076538
DB01255,C[C@@H](CC1=CC=CC=C1)NC(=O)[C@H](CCCCN)N,6.329358279705048,5.615860104560852,5.286009430885315
DB01259,CS(=O)(=O)CCNCC1=CC=C(O1)C2=CC3=C(C=C2)N=CN=C3NC4=CC(=C(C=C4)OCC5=CC(=CC=C5)F)Cl,6.296289682388306,6.952683091163635,6.459876537322998
DB01260,C[C@]12C[C@@H]([C@H]3[C@H]([C@@H]1C[C@@H]4[C@]2(OC(O4)(C)C)C(=O)CO)CCC5=CC(=O)C=C[C@]35C)O,6.666739463806152,5.783945679664612,5.534106194972992
DB01261,C1CN2C(=NN=C2C(F)(F)F)CN1C(=O)C[C@@H](CC3=CC(=C(C=C3F)F)F)N,5.7711403369903564,6.13051700592041,4.938011169433594
DB01262,C1[C@@H]([C@H](O[C@H]1N2C=NC(=NC2=O)N)CO)O,5.9113887548446655,5.775038063526154,5.006421804428101
DB01267,CC1=C(C(=O)N2CCCC(C2=N1)O)CCN3CCC(CC3)C4=NOC5=C4C=CC(=C5)F,7.412707686424255,7.8786309361457825,7.553874313831329
DB01268,CCN(CC)CCNC(=O)C1=C(NC(=C1C)/C=C\2/C3=C(C=CC(=C3)F)NC2=O)C,6.1545268297195435,6.231107175350189,5.564355909824371
DB01275,C1=CC=C2C(=C1)C=NN=C2NN,5.765865743160248,5.369722366333008,4.702402889728546
DB01291,CC(C)(C)NCC(C1=NC(=C(C=C1)O)CO)O,5.6114325523376465,5.8098703026771545,4.646983861923218
DB01296,C([C@@H]1[C@H]([C@@H]([C@H](C(O1)O)N)O)O)O,5.702880680561066,5.113949954509735,4.568918287754059
DB01320,C1=CC=C(C=C1)C2(C(=O)N(C(=O)N2)COP(=O)(O)O)C3=CC=CC=C3,6.610110223293304,6.132821500301361,5.656513512134552
DB01327,CC1=NN=C(S1)SCC2=C(N3[C@@H]([C@@H](C3=O)NC(=O)CN4C=NN=N4)SC2)C(=O)O,6.982398688793182,6.0980982184410095,5.542139947414398
DB01351,CCC1(C(=O)NC(=O)NC1=O)CCC(C)C,6.485708951950073,5.700008571147919,5.383660912513733
DB01359,CC(C)(C)NC[C@@H](COC1=CC=CC=C1C2CCCC2)O,6.641278326511383,6.029324650764465,5.779504776000977
DB01364,C[C@@H]([C@@H](C1=CC=CC=C1)O)NC,6.461507499217987,5.487366616725922,5.33193439245224
DB01367,C#CCN[C@@H]1CCC2=CC=CC=C12,6.574235498905182,5.955847442150116,5.837733089923859
DB01394,CC(=O)NC1CCC2=CC(=C(C(=C2C3=CC=C(C(=O)C=C13)OC)OC)OC)OC,6.917382836341858,6.314126074314117,5.881343245506287
DB01395,C[C@]12CCC(=O)C=C1[C@@H]3C[C@@H]3[C@@H]4[C@@H]2CC[C@]5([C@H]4[C@@H]6C[C@@H]6[C@@]57CCC(=O)O7)C,6.629478871822357,5.901564002037048,5.578654170036316
DB01399,C1=CC=C(C(=C1)C(=O)OC2=CC=CC=C2C(=O)O)O,6.165970683097839,5.448171436786652,5.047808527946472
DB01400,CN(C)C(=O)OC1=CC=CC(=C1)[N+](C)(C)C,5.507247626781464,5.673603415489197,4.8597583174705505
DB01403,C[C@@H](CN1C2=CC=CC=C2SC3=C1C=C(C=C3)OC)CN(C)C,6.570166826248169,7.068223416805267,7.044561564922333
DB01406,C[C@]12CC[C@H]3[C@H]([C@@H]1CC[C@]2(C#C)O)CCC4=CC5=C(C[C@]34C)C=NO5,6.363732099533081,6.300645589828491,5.694798171520233
DB01410,CC(C)C(=O)OCC(=O)[C@@]12[C@@H](C[C@@H]3[C@@]1(C[C@@H]([C@H]4[C@H]3CCC5=CC(=O)C=C[C@]45C)O)C)O[C@H](O2)C6CCCCC6,7.6688538789749146,5.923370957374573,6.577660083770752
DB01427,C1=CN=CC=C1C2=CNC(=O)C(=C2)N,5.405971586704254,5.47210019826889,4.642188310623169
DB01576,C[C@@H](CC1=CC=CC=C1)N,5.919956207275391,5.607348263263702,5.221007764339447
DB01577,C[C@@H](CC1=CC=CC=C1)NC,6.472843408584595,5.699019968509674,5.5177807211875916
DB01579,C[C@H]1[C@@H](OCCN1C)C2=CC=CC=C2,6.65826541185379,6.030671536922455,5.958831310272217
DB01590,C[C@@H]1CC[C@H]2C[C@@H](/C(=C/C=C/C=C/[C@H](C[C@H](C(=O)[C@@H]([C@@H](/C(=C/[C@H](C(=O)C[C@H](OC(=O)[C@@H]3CCCCN3C(=O)C(=O)[C@@]1(O2)O)[C@H](C)C[C@@H]4CC[C@H]([C@@H](C4)OC)OCCO)C)/C)O)OC)C)C)/C)OC,7.591929316520691,8.33151239156723,8.05978399515152
DB01623,CN1CCN(CC1)CC/C=C\2/C3=CC=CC=C3SC4=C2C=C(C=C4)S(=O)(=O)N(C)C,6.983958303928375,6.7517006397247314,6.828079700469971
DB02546,C1=CC=C(C=C1)NC(=O)CCCCCCC(=O)NO,6.04185163974762,5.173588514328003,4.647858619689941
DB04844,CC(C)CC1CN2CCC3=CC(=C(C=C3C2CC1=O)OC)OC,6.231436491012573,5.852479636669159,5.1452383399009705
DB04861,C1CC2=C(C=CC(=C2)F)OC1C(CNCC(C3CCC4=C(O3)C=CC(=C4)F)O)O,6.8359755873680115,5.7752732038497925,5.824426233768463
DB06287,C[C@@H]1CCC2C[C@@H](/C(=C/C=C/C=C/[C@H](C[C@H](C(=O)[C@@H]([C@@H](/C(=C/[C@H](C(=O)C[C@H](OC(=O)[C@@H]3CCCCN3C(=O)C(=O)[C@@]1(O2)O)[C@H](C)C[C@@H]4CC[C@H]([C@@H](C4)OC)OC(=O)C(C)(CO)CO)C)/C)O)OC)C)C)/C)OC,7.359442591667175,8.509353756904602,8.188870251178741
