Drug,Disease,,,,,,,,D114480
DB00014,D114480,,,,,,,,D131200
DB00014,D131200,,,,,,,,D176807
DB00014,D176807,,,,,,,,D601518
DB00014,D601518,,,,,,,,D125700
DB00035,D125700,,,,,,,,D134430
DB00035,D134430,,,,,,,,D134500
DB00035,D134500,,,,,,,,D193400
DB00035,D193400,,,,,,,,D277480
DB00035,D277480,,,,,,,,D304900
DB00035,D304900,,,,,,,,D152700
DB00091,D152700,,,,,,,,D254200
DB00091,D254200,,,,,,,,D140600
DB00122,D140600,,,,,,,,D147530
DB00122,D147530,,,,,,,,D165720
DB00122,D165720,,,,,,,,D208230
DB00122,D208230,,,,,,,,D607459
DB00122,D607459,,,,,,,,D607850
DB00122,D607850,,,,,,,,D206200
DB00126,D206200,,,,,,,,D250790
DB00126,D250790,,,,,,,,D194200
DB00131,D194200,,,,,,,,D146200
DB00136,D146200,,,,,,,,D146255
DB00136,D146255,,,,,,,,D166710
DB00136,D166710,,,,,,,,D264700
DB00136,D264700,,,,,,,,D277440
DB00136,D277440,,,,,,,,D277460
DB00136,D277460,,,,,,,,D307700
DB00136,D307700,,,,,,,,D600081
DB00136,D600081,,,,,,,,D145590
DB00140,D145590,,,,,,,,D277730
DB00141,D140600,,,,,,,,D134600
DB00141,D165720,,,,,,,,D241519
DB00141,D607850,,,,,,,,D259660
DB00146,D146200,,,,,,,,D261100
DB00146,D166710,,,,,,,,D219700
DB00146,D264700,,,,,,,,D115300
DB00146,D277440,,,,,,,,D277350
DB00146,D307700,,,,,,,,D104300
DB00146,D600081,,,,,,,,D104310
DB00152,D277730,,,,,,,,D125320
DB00153,D134600,,,,,,,,D200170
DB00153,D146200,,,,,,,,D230450
DB00153,D146255,,,,,,,,D231900
DB00153,D166710,,,,,,,,D266120
DB00153,D241519,,,,,,,,D605055
DB00153,D259660,,,,,,,,D606703
DB00153,D264700,,,,,,,,D606889
DB00153,D277440,,,,,,,,D607822
DB00153,D307700,,,,,,,,D608907
DB00153,D600081,,,,,,,,D239350
DB00158,D261100,,,,,,,,D102500
DB00159,D219700,,,,,,,,D266600
DB00162,D115300,,,,,,,,D144010
DB00162,D277350,,,,,,,,D601367
DB00163,D104300,,,,,,,,D164230
DB00163,D104310,,,,,,,,D161900
DB00163,D125320,,,,,,,,D608622
DB00163,D200170,,,,,,,,D233100
DB00163,D230450,,,,,,,,D106400
DB00163,D231900,,,,,,,,D208550
DB00163,D266120,,,,,,,,D600807
DB00163,D277460,,,,,,,,D126200
DB00163,D605055,,,,,,,,D128101
DB00163,D606703,,,,,,,,D143100
DB00163,D606889,,,,,,,,D189600
DB00163,D607822,,,,,,,,D190400
DB00163,D608907,,,,,,,,D601042
DB00165,D239350,,,,,,,,D607225
DB00169,D102500,,,,,,,,D143465
DB00169,D146200,,,,,,,,D161400
DB00169,D166710,,,,,,,,D252320
DB00169,D264700,,,,,,,,D254500
DB00169,D266600,,,,,,,,D102300
DB00169,D277440,,,,,,,,D168100
DB00169,D307700,,,,,,,,D168600
DB00169,D600081,,,,,,,,D264120
DB00175,D144010,,,,,,,,D303110
DB00175,D601367,,,,,,,,D601665
DB00176,D164230,,,,,,,,D137750
DB00177,D161900,,,,,,,,D604416
DB00177,D608622,,,,,,,,D157300
DB00178,D146255,,,,,,,,D178600
DB00178,D161900,,,,,,,,D115000
DB00178,D233100,,,,,,,,D607554
DB00178,D608622,,,,,,,,D608583
DB00179,D106400,,,,,,,,D188050
DB00180,D208550,,,,,,,,D146500
DB00180,D600807,,,,,,,,D157700
DB00181,D126200,,,,,,,,D109350
DB00181,D128101,,,,,,,,D190310
DB00181,D143100,,,,,,,,D600263
DB00181,D147530,,,,,,,,D166300
DB00181,D189600,,,,,,,,D215140
DB00181,D190400,,,,,,,,D600351
DB00181,D601042,,,,,,,,D103780
DB00181,D607225,,,,,,,,D131300
DB00182,D143465,,,,,,,,D182830
DB00182,D161400,,,,,,,,D225740
DB00186,D189600,,,,,,,,D225755
DB00186,D252320,,,,,,,,D260970
DB00187,D161900,,,,,,,,D608033
DB00187,D608622,,,,,,,,D300125
DB00188,D254500,,,,,,,,D607498
DB00190,D102300,,,,,,,,D607501
DB00190,D125320,,,,,,,,D607508
DB00190,D168100,,,,,,,,D607516
DB00190,D168600,,,,,,,,D210050
DB00191,D264120,,,,,,,,D125850
DB00191,D303110,,,,,,,,D125851
DB00191,D601665,,,,,,,,D125853
DB00193,D102300,,,,,,,,D600496
DB00193,D140600,,,,,,,,D608320
DB00193,D147530,,,,,,,,D165199
DB00193,D165720,,,,,,,,D233810
DB00193,D607850,,,,,,,,D109543
DB00195,D137750,,,,,,,,D151400
DB00195,D161900,,,,,,,,D258360
DB00195,D608622,,,,,,,,D276300
DB00199,D604416,,,,,,,,D137580
DB00201,D140600,,,,,,,,D181500
DB00201,D145590,,,,,,,,D600634
DB00201,D147530,,,,,,,,D104130
DB00201,D157300,,,,,,,,D603165
DB00203,D161900,,,,,,,,D114580
DB00203,D178600,,,,,,,,D212050
DB00204,D115000,,,,,,,,D137800
DB00204,D607554,,,,,,,,D236000
DB00204,D608583,,,,,,,,D247640
DB00206,D161900,,,,,,,,D267730
DB00206,D608622,,,,,,,,D110100
DB00208,D188050,,,,,,,,D190300
DB00210,D604416,,,,,,,,D168601
DB00211,D146500,,,,,,,,D260300
DB00211,D157700,,,,,,,,D556500
DB00211,D252320,,,,,,,,D600116
DB00213,D109350,,,,,,,,D606324
DB00213,D190310,,,,,,,,D607060
DB00213,D600263,,,,,,,,D607688
DB00214,D146255,,,,,,,,D179600
DB00214,D161900,,,,,,,,D308350
DB00214,D166300,,,,,,,,D605021
DB00214,D215140,,,,,,,,D606369
DB00214,D600351,,,,,,,,D601626
DB00214,D608622,,,,,,,,D138800
DB00215,D103780,,,,,,,,D140300
DB00215,D131300,,,,,,,,D275000
DB00215,D164230,,,,,,,,D102400
DB00215,D182830,,,,,,,,D143880
DB00215,D225740,,,,,,,,D167320
DB00215,D225755,,,,,,,,D607154
DB00215,D260970,,,,,,,,D215470
DB00215,D608033,,,,,,,,D311360
DB00216,D157300,,,,,,,,D137760
DB00216,D300125,,,,,,,,D601682
DB00216,D607498,,,,,,,,D155600
DB00216,D607501,,,,,,,,D155601
DB00216,D607508,,,,,,,,D273300
DB00216,D607516,,,,,,,,D134510
DB00218,D208550,,,,,,,,D134520
DB00221,D208550,,,,,,,,D227300
DB00221,D210050,,,,,,,,D184700
DB00221,D600807,,,,,,,,D254400
DB00222,D125850,,,,,,,,D608088
DB00222,D125851,,,,,,,,D278200
DB00222,D125853,,,,,,,,D133690
DB00222,D600496,,,,,,,,D246400
DB00226,D161900,,,,,,,,D263800
DB00226,D608622,,,,,,,,D602522
DB00227,D144010,,,,,,,,D103285
DB00227,D608320,,,,,,,,D300494
DB00230,D102300,,,,,,,,D304790
DB00230,D147530,,,,,,,,D147540
DB00230,D165199,,,,,,,,D600082
DB00240,D233810,,,,,,,,D109100
DB00241,D145590,,,,,,,,D268320
DB00241,D157300,,,,,,,,D208750
DB00242,D109543,,,,,,,,D212112
DB00242,D126200,,,,,,,,D212130
DB00242,D151400,,,,,,,,D212350
DB00242,D258360,,,,,,,,D125310
DB00242,D276300,,,,,,,,D145500
DB00244,D266600,,,,,,,,D203700
DB00245,D125320,,,,,,,,D109800
DB00245,D168100,,,,,,,,D114550
DB00245,D168600,,,,,,,,D144700
DB00246,D137580,,,,,,,,D188470
DB00246,D181500,,,,,,,,D605839
DB00248,D600634,,,,,,,,D602080
DB00252,D104130,,,,,,,,D230800
DB00252,D115000,,,,,,,,D230900
DB00252,D165199,,,,,,,,D231000
DB00253,D603165,,,,,,,,D257200
DB00255,D276300,,,,,,,,D257220
DB00257,D114580,,,,,,,,D607616
DB00257,D212050,,,,,,,,D607625
DB00262,D109543,,,,,,,,D608013
DB00262,D137800,,,,,,,,D226150
DB00262,D236000,,,,,,,,D260570
DB00262,D247640,,,,,,,,D113610
DB00262,D254500,,,,,,,,D218200
DB00262,D267730,,,,,,,,D312910
DB00262,D276300,,,,,,,,D606798
DB00264,D110100,,,,,,,,D256370
DB00264,D157700,,,,,,,,D310468
DB00264,D161900,,,,,,,,D602068
DB00264,D190300,,,,,,,,D182280
DB00264,D607554,,,,,,,,D223350
DB00264,D608583,,,,,,,,D157950
DB00264,D608622,,,,,,,,D192200
DB00268,D102300,,,,,,,,D308205
DB00268,D125320,,,,,,,,D135550
DB00268,D168100,,,,,,,,D175100
DB00268,D168600,,,,,,,,D175505
DB00268,D168601,,,,,,,,D246470
DB00268,D260300,,,,,,,,D604302
DB00268,D556500,,,,,,,,D608456
DB00268,D600116,,,,,,,,D156190
DB00268,D606324,,,,,,,,D165150
DB00268,D607060,,,,,,,,D259050
DB00268,D607688,,,,,,,,D300232
DB00270,D161900,,,,,,,,D127750
DB00270,D179600,,,,,,,,D133239
DB00270,D608622,,,,,,,,D256700
DB00273,D147530,,,,,,,,D259500
DB00273,D157300,,,,,,,,D148000
DB00273,D264120,,,,,,,,D166760
DB00273,D300125,,,,,,,,D194070
DB00273,D308350,,,,,,,,D268220
DB00273,D605021,,,,,,,,D601608
DB00273,D606369,,,,,,,,D114500
DB00275,D161900,,,,,,,,D137215
DB00275,D608622,,,,,,,,D208920
DB00276,D601626,,,,,,,,D231090
DB00277,D208550,,,,,,,,D188030
DB00277,D210050,,,,,,,,D140850
DB00277,D600807,,,,,,,,D171300
DB00278,D188050,,,,,,,,D188890
DB00279,D138800,,,,,,,,D212140
DB00279,D140300,,,,,,,,D606054
DB00279,D275000,,,,,,,,D150600
DB00280,D115000,,,,,,,,D181000
DB00281,D147530,,,,,,,,D131440
DB00282,D102400,,,,,,,,D607685
DB00282,D102500,,,,,,,,D608232
DB00282,D114480,,,,,,,,D148100
DB00282,D143880,,,,,,,,D173200
DB00282,D166300,,,,,,,,D144650
DB00282,D166710,,,,,,,,D187360
DB00282,D167320,,,,,,,,D191100
DB00282,D254500,,,,,,,,D202370
DB00282,D276300,,,,,,,,D205700
DB00283,D603165,,,,,,,,D240200
DB00283,D607154,,,,,,,,D300100
DB00284,D125850,,,,,,,,D143890
DB00284,D125851,,,,,,,,D146110
DB00284,D125853,,,,,,,,D127350
DB00284,D600496,,,,,,,,D189800
DB00285,D131300,,,,,,,,D248190
DB00285,D143465,,,,,,,,D115195
DB00285,D147530,,,,,,,,D174800
DB00285,D164230,,,,,,,,D107320
DB00286,D102500,,,,,,,,D540000
DB00286,D114480,,,,,,,,D155100
DB00286,D166710,,,,,,,,D231200
DB00286,D176807,,,,,,,,D273800
DB00286,D215470,,,,,,,,D151380
DB00286,D311360,,,,,,,,D160750
DB00286,D601518,,,,,,,,D153800
DB00287,D137750,,,,,,,,D608895
DB00287,D137760,,,,,,,,D153880
DB00287,D161900,,,,,,,,D107650
DB00287,D601682,,,,,,,,D107550
DB00289,D143465,,,,,,,,D113800
DB00290,D109543,,,,,,,,D124200
DB00290,D155600,,,,,,,,D145200
DB00290,D155601,,,,,,,,D146700
DB00290,D236000,,,,,,,,D182000
DB00290,D247640,,,,,,,,D242100
DB00290,D267730,,,,,,,,D191390
DB00290,D273300,,,,,,,,D208700
DB00295,D147530,,,,,,,,D267740
DB00297,D147530,,,,,,,,D300491
DB00302,D134430,,,,,,,,D600131
DB00302,D134500,,,,,,,,D604827
DB00302,D134510,,,,,,,,D607628
DB00302,D134520,,,,,,,,D607631
DB00302,D227300,,,,,,,,D607681
DB00304,D131200,,,,,,,,D607682
DB00304,D184700,,,,,,,,D608105
DB00307,D254400,,,,,,,,D121201
DB00307,D276300,,,,,,,,D132090
DB00308,D607554,,,,,,,,D132100
DB00308,D608583,,,,,,,,D147480
DB00310,D161900,,,,,,,,D156000
DB00310,D608622,,,,,,,,D219750
DB00313,D104130,,,,,,,,D219800
DB00313,D104300,,,,,,,,D270960
DB00313,D125320,,,,,,,,D119500
DB00313,D181500,,,,,,,,D247200
DB00313,D239350,,,,,,,,D115645
DB00313,D605055,,,,,,,,D106100
DB00313,D606369,,,,,,,,D202400
DB00315,D157300,,,,,,,,D160300
DB00316,D140600,,,,,,,,D211980
DB00316,D145590,,,,,,,,D187950
DB00316,D147530,,,,,,,,D263300
DB00316,D157300,,,,,,,,D608266
DB00316,D608088,,,,,,,,D246300
DB00318,D140600,,,,,,,,D209850
DB00318,D145590,,,,,,,,D300425
DB00318,D608088,,,,,,,,D300495
DB00320,D145590,,,,,,,,D608636
DB00320,D157300,,,,,,,,D254770
DB00320,D300125,,,,,,,,D254800
DB00320,D607501,,,,,,,,D144250
DB00321,D147530,,,,,,,,D145750
DB00321,D252320,,,,,,,,D121200
DB00323,D168100,,,,,,,,D143500
DB00323,D168600,,,,,,,,D208085
DB00323,D168601,,,,,,,,D218800
DB00323,D260300,,,,,,,,D237450
DB00323,D556500,,,,,,,,D237500
DB00323,D600116,,,,,,,,D608217
DB00323,D606324,,,,,,,,D109200
DB00323,D607060,,,,,,,,D145600
DB00323,D607688,,,,,,,,D154276
DB00324,D278200,,,,,,,,D217150
DB00325,D161900,,,,,,,,D601887
DB00325,D608622,,,,,,,,D260480
DB00327,D147530,,,,,,,,D606764
DB00327,D608088,,,,,,,,D600803
DB00328,D133690,,,,,,,,D249100
DB00328,D140600,,,,,,,,D212110
DB00328,D147530,,,,,,,,D125852
DB00328,D157300,,,,,,,,D222100
DB00328,D165720,,,,,,,,D601942
DB00328,D208230,,,,,,,,
DB00328,D246400,,,,,,,,
DB00328,D263800,,,,,,,,
DB00328,D602522,,,,,,,,
DB00328,D607459,,,,,,,,
DB00328,D607850,,,,,,,,
DB00331,D103285,,,,,,,,
DB00331,D125850,,,,,,,,
DB00331,D125851,,,,,,,,
DB00331,D125853,,,,,,,,
DB00331,D184700,,,,,,,,
DB00331,D600496,,,,,,,,
DB00332,D208550,,,,,,,,
DB00332,D210050,,,,,,,,
DB00332,D600807,,,,,,,,
DB00333,D147530,,,,,,,,
DB00334,D164230,,,,,,,,
DB00334,D181500,,,,,,,,
DB00334,D300494,,,,,,,,
DB00335,D110100,,,,,,,,
DB00335,D157700,,,,,,,,
DB00337,D233810,,,,,,,,
DB00337,D603165,,,,,,,,
DB00338,D109350,,,,,,,,
DB00338,D190310,,,,,,,,
DB00338,D304790,,,,,,,,
DB00338,D600263,,,,,,,,
DB00341,D603165,,,,,,,,
DB00341,D607154,,,,,,,,
DB00342,D147540,,,,,,,,
DB00342,D603165,,,,,,,,
DB00342,D607154,,,,,,,,
DB00343,D161900,,,,,,,,
DB00343,D179600,,,,,,,,
DB00343,D607554,,,,,,,,
DB00343,D608583,,,,,,,,
DB00343,D608622,,,,,,,,
DB00346,D147530,,,,,,,,
DB00346,D200170,,,,,,,,
DB00346,D600082,,,,,,,,
DB00349,D606369,,,,,,,,
DB00350,D104130,,,,,,,,
DB00350,D161900,,,,,,,,
DB00350,D608622,,,,,,,,
DB00351,D109100,,,,,,,,
DB00351,D114480,,,,,,,,
DB00353,D157300,,,,,,,,
DB00354,D145590,,,,,,,,
DB00356,D147530,,,,,,,,
DB00357,D268320,,,,,,,,
DB00361,D236000,,,,,,,,
DB00363,D181500,,,,,,,,
DB00364,D109350,,,,,,,,
DB00364,D161900,,,,,,,,
DB00364,D190310,,,,,,,,
DB00366,D145590,,,,,,,,
DB00366,D147540,,,,,,,,
DB00367,D131200,,,,,,,,
DB00367,D184700,,,,,,,,
DB00368,D146500,,,,,,,,
DB00371,D145590,,,,,,,,
DB00371,D200170,,,,,,,,
DB00371,D601042,,,,,,,,
DB00373,D137750,,,,,,,,
DB00373,D137760,,,,,,,,
DB00373,D157300,,,,,,,,
DB00373,D161900,,,,,,,,
DB00373,D300125,,,,,,,,
DB00373,D601682,,,,,,,,
DB00373,D608622,,,,,,,,
DB00374,D161900,,,,,,,,
DB00374,D178600,,,,,,,,
DB00376,D168100,,,,,,,,
DB00376,D168600,,,,,,,,
DB00376,D168601,,,,,,,,
DB00376,D260300,,,,,,,,
DB00376,D556500,,,,,,,,
DB00376,D600116,,,,,,,,
DB00376,D606324,,,,,,,,
DB00376,D607060,,,,,,,,
DB00376,D607688,,,,,,,,
DB00379,D115000,,,,,,,,
DB00380,D208750,,,,,,,,
DB00380,D212112,,,,,,,,
DB00380,D212130,,,,,,,,
DB00380,D212350,,,,,,,,
DB00380,D225740,,,,,,,,
DB00381,D125310,,,,,,,,
DB00381,D145500,,,,,,,,
DB00381,D161900,,,,,,,,
DB00381,D179600,,,,,,,,
DB00381,D608320,,,,,,,,
DB00381,D608622,,,,,,,,
DB00382,D104300,,,,,,,,
DB00382,D104310,,,,,,,,
DB00382,D125320,,,,,,,,
DB00382,D605055,,,,,,,,
DB00382,D606889,,,,,,,,
DB00382,D607822,,,,,,,,
DB00382,D608907,,,,,,,,
DB00384,D203700,,,,,,,,
DB00384,D210050,,,,,,,,
DB00384,D215140,,,,,,,,
DB00384,D600351,,,,,,,,
DB00385,D109800,,,,,,,,
DB00387,D125320,,,,,,,,
DB00387,D168100,,,,,,,,
DB00387,D168600,,,,,,,,
DB00387,D168601,,,,,,,,
DB00387,D260300,,,,,,,,
DB00387,D556500,,,,,,,,
DB00387,D600116,,,,,,,,
DB00387,D606324,,,,,,,,
DB00387,D607060,,,,,,,,
DB00387,D607688,,,,,,,,
DB00388,D137750,,,,,,,,
DB00388,D137760,,,,,,,,
DB00388,D145590,,,,,,,,
DB00388,D146500,,,,,,,,
DB00388,D147540,,,,,,,,
DB00388,D601682,,,,,,,,
DB00388,D608088,,,,,,,,
DB00390,D607554,,,,,,,,
DB00390,D608583,,,,,,,,
DB00392,D168600,,,,,,,,
DB00392,D168601,,,,,,,,
DB00392,D260300,,,,,,,,
DB00392,D556500,,,,,,,,
DB00392,D600116,,,,,,,,
DB00392,D606324,,,,,,,,
DB00392,D607060,,,,,,,,
DB00392,D607688,,,,,,,,
DB00393,D125310,,,,,,,,
DB00393,D601367,,,,,,,,
DB00394,D208550,,,,,,,,
DB00394,D600807,,,,,,,,
DB00394,D603165,,,,,,,,
DB00394,D607154,,,,,,,,
DB00397,D147540,,,,,,,,
DB00397,D264120,,,,,,,,
DB00397,D303110,,,,,,,,
DB00397,D601665,,,,,,,,
DB00397,D608088,,,,,,,,
DB00398,D114550,,,,,,,,
DB00398,D144700,,,,,,,,
DB00398,D188470,,,,,,,,
DB00398,D605839,,,,,,,,
DB00399,D102500,,,,,,,,
DB00399,D143880,,,,,,,,
DB00399,D167320,,,,,,,,
DB00399,D254500,,,,,,,,
DB00399,D276300,,,,,,,,
DB00399,D602080,,,,,,,,
DB00399,D605839,,,,,,,,
DB00401,D161900,,,,,,,,
DB00401,D179600,,,,,,,,
DB00401,D608622,,,,,,,,
DB00404,D252320,,,,,,,,
DB00405,D607154,,,,,,,,
DB00407,D188050,,,,,,,,
DB00408,D181500,,,,,,,,
DB00412,D125850,,,,,,,,
DB00412,D125851,,,,,,,,
DB00412,D125853,,,,,,,,
DB00412,D600496,,,,,,,,
DB00413,D102300,,,,,,,,
DB00413,D125320,,,,,,,,
DB00413,D168100,,,,,,,,
DB00413,D168600,,,,,,,,
DB00413,D168601,,,,,,,,
DB00413,D260300,,,,,,,,
DB00413,D556500,,,,,,,,
DB00413,D600116,,,,,,,,
DB00413,D606324,,,,,,,,
DB00413,D607060,,,,,,,,
DB00413,D607688,,,,,,,,
DB00414,D125850,,,,,,,,
DB00414,D125851,,,,,,,,
DB00414,D125853,,,,,,,,
DB00414,D600496,,,,,,,,
DB00419,D230800,,,,,,,,
DB00419,D230900,,,,,,,,
DB00419,D231000,,,,,,,,
DB00419,D257200,,,,,,,,
DB00419,D257220,,,,,,,,
DB00419,D607616,,,,,,,,
DB00419,D607625,,,,,,,,
DB00419,D608013,,,,,,,,
DB00421,D104130,,,,,,,,
DB00421,D161900,,,,,,,,
DB00421,D215140,,,,,,,,
DB00421,D600351,,,,,,,,
DB00421,D604416,,,,,,,,
DB00421,D608622,,,,,,,,
DB00422,D143465,,,,,,,,
DB00424,D168600,,,,,,,,
DB00424,D168601,,,,,,,,
DB00424,D190310,,,,,,,,
DB00424,D200170,,,,,,,,
DB00424,D226150,,,,,,,,
DB00424,D260300,,,,,,,,
DB00424,D260570,,,,,,,,
DB00424,D556500,,,,,,,,
DB00424,D600116,,,,,,,,
DB00424,D606324,,,,,,,,
DB00424,D607060,,,,,,,,
DB00424,D607688,,,,,,,,
DB00427,D603165,,,,,,,,
DB00427,D607154,,,,,,,,
DB00428,D236000,,,,,,,,
DB00433,D145590,,,,,,,,
DB00433,D182830,,,,,,,,
DB00433,D225740,,,,,,,,
DB00433,D225755,,,,,,,,
DB00433,D260970,,,,,,,,
DB00433,D608033,,,,,,,,
DB00434,D113610,,,,,,,,
DB00434,D147540,,,,,,,,
DB00434,D157300,,,,,,,,
DB00434,D181500,,,,,,,,
DB00434,D218200,,,,,,,,
DB00434,D300125,,,,,,,,
DB00434,D312910,,,,,,,,
DB00434,D603165,,,,,,,,
DB00434,D606703,,,,,,,,
DB00434,D606798,,,,,,,,
DB00434,D607154,,,,,,,,
DB00436,D161900,,,,,,,,
DB00436,D215140,,,,,,,,
DB00436,D256370,,,,,,,,
DB00436,D600351,,,,,,,,
DB00436,D608622,,,,,,,,
DB00437,D310468,,,,,,,,
DB00437,D602068,,,,,,,,
DB00441,D114480,,,,,,,,
DB00441,D144700,,,,,,,,
DB00441,D605839,,,,,,,,
DB00443,D603165,,,,,,,,
DB00444,D109543,,,,,,,,
DB00444,D182280,,,,,,,,
DB00444,D223350,,,,,,,,
DB00444,D236000,,,,,,,,
DB00444,D247640,,,,,,,,
DB00444,D267730,,,,,,,,
DB00445,D114480,,,,,,,,
DB00445,D276300,,,,,,,,
DB00448,D109350,,,,,,,,
DB00448,D190310,,,,,,,,
DB00448,D600263,,,,,,,,
DB00449,D137750,,,,,,,,
DB00449,D137760,,,,,,,,
DB00449,D161900,,,,,,,,
DB00449,D601682,,,,,,,,
DB00451,D138800,,,,,,,,
DB00451,D140300,,,,,,,,
DB00451,D275000,,,,,,,,
DB00454,D147530,,,,,,,,
DB00455,D603165,,,,,,,,
DB00455,D607154,,,,,,,,
DB00457,D147530,,,,,,,,
DB00457,D157950,,,,,,,,
DB00457,D161900,,,,,,,,
DB00457,D179600,,,,,,,,
DB00457,D200170,,,,,,,,
DB00457,D600082,,,,,,,,
DB00457,D608622,,,,,,,,
DB00458,D143465,,,,,,,,
DB00458,D147530,,,,,,,,
DB00461,D140600,,,,,,,,
DB00461,D147530,,,,,,,,
DB00461,D165720,,,,,,,,
DB00461,D607850,,,,,,,,
DB00464,D192200,,,,,,,,
DB00465,D147530,,,,,,,,
DB00465,D308205,,,,,,,,
DB00468,D200170,,,,,,,,
DB00469,D140600,,,,,,,,
DB00469,D165720,,,,,,,,
DB00469,D607850,,,,,,,,
DB00470,D109100,,,,,,,,
DB00471,D208550,,,,,,,,
DB00471,D210050,,,,,,,,
DB00471,D600807,,,,,,,,
DB00472,D131300,,,,,,,,
DB00472,D164230,,,,,,,,
DB00472,D181500,,,,,,,,
DB00472,D252320,,,,,,,,
DB00475,D103780,,,,,,,,
DB00475,D226150,,,,,,,,
DB00476,D147530,,,,,,,,
DB00476,D165199,,,,,,,,
DB00477,D145590,,,,,,,,
DB00477,D181500,,,,,,,,
DB00480,D254500,,,,,,,,
DB00481,D102500,,,,,,,,
DB00481,D114480,,,,,,,,
DB00481,D166710,,,,,,,,
DB00482,D135550,,,,,,,,
DB00482,D140600,,,,,,,,
DB00482,D147530,,,,,,,,
DB00482,D165720,,,,,,,,
DB00482,D175100,,,,,,,,
DB00482,D175505,,,,,,,,
DB00482,D208230,,,,,,,,
DB00482,D246470,,,,,,,,
DB00482,D604302,,,,,,,,
DB00482,D607459,,,,,,,,
DB00482,D607850,,,,,,,,
DB00482,D608456,,,,,,,,
DB00484,D137750,,,,,,,,
DB00484,D137760,,,,,,,,
DB00484,D161900,,,,,,,,
DB00484,D601682,,,,,,,,
DB00489,D607554,,,,,,,,
DB00489,D608583,,,,,,,,
DB00490,D104130,,,,,,,,
DB00490,D156190,,,,,,,,
DB00490,D165150,,,,,,,,
DB00490,D259050,,,,,,,,
DB00490,D300232,,,,,,,,
DB00491,D125850,,,,,,,,
DB00491,D125851,,,,,,,,
DB00491,D125853,,,,,,,,
DB00491,D600496,,,,,,,,
DB00492,D146255,,,,,,,,
DB00492,D161900,,,,,,,,
DB00492,D233100,,,,,,,,
DB00492,D608622,,,,,,,,
DB00494,D168100,,,,,,,,
DB00494,D168600,,,,,,,,
DB00494,D168601,,,,,,,,
DB00494,D260300,,,,,,,,
DB00494,D556500,,,,,,,,
DB00494,D600116,,,,,,,,
DB00494,D606324,,,,,,,,
DB00494,D607060,,,,,,,,
DB00494,D607688,,,,,,,,
DB00497,D147530,,,,,,,,
DB00499,D176807,,,,,,,,
DB00500,D140600,,,,,,,,
DB00500,D165720,,,,,,,,
DB00500,D208230,,,,,,,,
DB00500,D604302,,,,,,,,
DB00500,D607459,,,,,,,,
DB00500,D607850,,,,,,,,
DB00501,D109350,,,,,,,,
DB00501,D190310,,,,,,,,
DB00501,D264120,,,,,,,,
DB00501,D304790,,,,,,,,
DB00502,D127750,,,,,,,,
DB00502,D137580,,,,,,,,
DB00502,D181500,,,,,,,,
DB00502,D182830,,,,,,,,
DB00508,D145590,,,,,,,,
DB00508,D147530,,,,,,,,
DB00514,D145590,,,,,,,,
DB00514,D608088,,,,,,,,
DB00515,D109800,,,,,,,,
DB00515,D133239,,,,,,,,
DB00515,D182280,,,,,,,,
DB00515,D236000,,,,,,,,
DB00515,D254500,,,,,,,,
DB00515,D256700,,,,,,,,
DB00515,D259500,,,,,,,,
DB00515,D273300,,,,,,,,
DB00515,D276300,,,,,,,,
DB00519,D146255,,,,,,,,
DB00519,D161900,,,,,,,,
DB00519,D233100,,,,,,,,
DB00519,D608622,,,,,,,,
DB00521,D137750,,,,,,,,
DB00521,D161900,,,,,,,,
DB00521,D608622,,,,,,,,
DB00523,D148000,,,,,,,,
DB00524,D161900,,,,,,,,
DB00524,D215140,,,,,,,,
DB00524,D608622,,,,,,,,
DB00527,D147530,,,,,,,,
DB00528,D179600,,,,,,,,
DB00530,D144700,,,,,,,,
DB00531,D254400,,,,,,,,
DB00532,D104130,,,,,,,,
DB00535,D166760,,,,,,,,
DB00535,D208550,,,,,,,,
DB00536,D113610,,,,,,,,
DB00536,D218200,,,,,,,,
DB00536,D312910,,,,,,,,
DB00537,D145590,,,,,,,,
DB00537,D166760,,,,,,,,
DB00537,D208550,,,,,,,,
DB00537,D258360,,,,,,,,
DB00537,D266600,,,,,,,,
DB00540,D143465,,,,,,,,
DB00540,D147530,,,,,,,,
DB00540,D252320,,,,,,,,
DB00541,D109543,,,,,,,,
DB00541,D194070,,,,,,,,
DB00541,D223350,,,,,,,,
DB00541,D236000,,,,,,,,
DB00541,D246470,,,,,,,,
DB00541,D247640,,,,,,,,
DB00541,D254500,,,,,,,,
DB00541,D256700,,,,,,,,
DB00541,D267730,,,,,,,,
DB00541,D268220,,,,,,,,
DB00541,D276300,,,,,,,,
DB00541,D601608,,,,,,,,
DB00541,D601626,,,,,,,,
DB00542,D146255,,,,,,,,
DB00542,D161900,,,,,,,,
DB00542,D608622,,,,,,,,
DB00544,D106400,,,,,,,,
DB00544,D114480,,,,,,,,
DB00544,D114500,,,,,,,,
DB00544,D137215,,,,,,,,
DB00544,D276300,,,,,,,,
DB00545,D252320,,,,,,,,
DB00545,D254200,,,,,,,,
DB00547,D233810,,,,,,,,
DB00548,D604416,,,,,,,,
DB00549,D208550,,,,,,,,
DB00550,D275000,,,,,,,,
DB00552,D276300,,,,,,,,
DB00554,D140600,,,,,,,,
DB00554,D165720,,,,,,,,
DB00554,D208230,,,,,,,,
DB00554,D607459,,,,,,,,
DB00554,D607850,,,,,,,,
DB00555,D181500,,,,,,,,
DB00555,D239350,,,,,,,,
DB00555,D606369,,,,,,,,
DB00557,D145590,,,,,,,,
DB00557,D147530,,,,,,,,
DB00557,D603165,,,,,,,,
DB00559,D161900,,,,,,,,
DB00559,D178600,,,,,,,,
DB00563,D109543,,,,,,,,
DB00563,D109800,,,,,,,,
DB00563,D114480,,,,,,,,
DB00563,D114500,,,,,,,,
DB00563,D133239,,,,,,,,
DB00563,D137215,,,,,,,,
DB00563,D182280,,,,,,,,
DB00563,D208920,,,,,,,,
DB00563,D223350,,,,,,,,
DB00563,D231090,,,,,,,,
DB00563,D233810,,,,,,,,
DB00563,D236000,,,,,,,,
DB00563,D246470,,,,,,,,
DB00563,D247640,,,,,,,,
DB00563,D254400,,,,,,,,
DB00563,D259500,,,,,,,,
DB00563,D267730,,,,,,,,
DB00563,D268220,,,,,,,,
DB00563,D273300,,,,,,,,
DB00563,D276300,,,,,,,,
DB00563,D601626,,,,,,,,
DB00563,D604302,,,,,,,,
DB00564,D102300,,,,,,,,
DB00564,D104130,,,,,,,,
DB00564,D128101,,,,,,,,
DB00564,D165199,,,,,,,,
DB00564,D181500,,,,,,,,
DB00564,D190400,,,,,,,,
DB00569,D188050,,,,,,,,
DB00570,D114480,,,,,,,,
DB00570,D148000,,,,,,,,
DB00570,D188030,,,,,,,,
DB00570,D236000,,,,,,,,
DB00570,D254400,,,,,,,,
DB00570,D273300,,,,,,,,
DB00570,D276300,,,,,,,,
DB00571,D110100,,,,,,,,
DB00571,D115000,,,,,,,,
DB00571,D140850,,,,,,,,
DB00571,D157300,,,,,,,,
DB00571,D157700,,,,,,,,
DB00571,D161900,,,,,,,,
DB00571,D171300,,,,,,,,
DB00571,D190300,,,,,,,,
DB00571,D300125,,,,,,,,
DB00571,D608622,,,,,,,,
DB00572,D190310,,,,,,,,
DB00572,D226150,,,,,,,,
DB00573,D140600,,,,,,,,
DB00573,D147530,,,,,,,,
DB00573,D165720,,,,,,,,
DB00573,D208230,,,,,,,,
DB00573,D607459,,,,,,,,
DB00573,D607850,,,,,,,,
DB00575,D102300,,,,,,,,
DB00575,D103780,,,,,,,,
DB00575,D137580,,,,,,,,
DB00575,D143465,,,,,,,,
DB00575,D147530,,,,,,,,
DB00575,D161900,,,,,,,,
DB00575,D171300,,,,,,,,
DB00575,D188890,,,,,,,,
DB00575,D601042,,,,,,,,
DB00575,D607554,,,,,,,,
DB00575,D608622,,,,,,,,
DB00583,D212140,,,,,,,,
DB00583,D606054,,,,,,,,
DB00584,D146255,,,,,,,,
DB00584,D608622,,,,,,,,
DB00585,D109350,,,,,,,,
DB00585,D190310,,,,,,,,
DB00585,D304790,,,,,,,,
DB00585,D600263,,,,,,,,
DB00586,D106400,,,,,,,,
DB00586,D140600,,,,,,,,
DB00586,D147530,,,,,,,,
DB00586,D150600,,,,,,,,
DB00586,D165720,,,,,,,,
DB00586,D208230,,,,,,,,
DB00586,D308205,,,,,,,,
DB00586,D607459,,,,,,,,
DB00586,D607850,,,,,,,,
DB00588,D208550,,,,,,,,
DB00588,D600807,,,,,,,,
DB00588,D603165,,,,,,,,
DB00588,D607154,,,,,,,,
DB00589,D168600,,,,,,,,
DB00589,D168601,,,,,,,,
DB00589,D260300,,,,,,,,
DB00589,D556500,,,,,,,,
DB00589,D600116,,,,,,,,
DB00589,D606324,,,,,,,,
DB00589,D607060,,,,,,,,
DB00589,D607688,,,,,,,,
DB00590,D147530,,,,,,,,
DB00590,D161900,,,,,,,,
DB00590,D179600,,,,,,,,
DB00590,D200170,,,,,,,,
DB00590,D600082,,,,,,,,
DB00590,D608622,,,,,,,,
DB00591,D603165,,,,,,,,
DB00594,D161900,,,,,,,,
DB00594,D215140,,,,,,,,
DB00594,D608622,,,,,,,,
DB00596,D233810,,,,,,,,
DB00598,D110100,,,,,,,,
DB00598,D157700,,,,,,,,
DB00598,D161900,,,,,,,,
DB00598,D171300,,,,,,,,
DB00598,D608622,,,,,,,,
DB00603,D102500,,,,,,,,
DB00603,D131200,,,,,,,,
DB00603,D144700,,,,,,,,
DB00603,D605839,,,,,,,,
DB00604,D109350,,,,,,,,
DB00604,D304790,,,,,,,,
DB00605,D133690,,,,,,,,
DB00605,D140600,,,,,,,,
DB00605,D147530,,,,,,,,
DB00605,D165720,,,,,,,,
DB00605,D175100,,,,,,,,
DB00605,D208230,,,,,,,,
DB00605,D607459,,,,,,,,
DB00605,D607850,,,,,,,,
DB00608,D181000,,,,,,,,
DB00611,D147530,,,,,,,,
DB00612,D110100,,,,,,,,
DB00612,D157700,,,,,,,,
DB00619,D131440,,,,,,,,
DB00619,D247640,,,,,,,,
DB00619,D276300,,,,,,,,
DB00619,D601626,,,,,,,,
DB00619,D607685,,,,,,,,
DB00619,D608232,,,,,,,,
DB00620,D104130,,,,,,,,
DB00620,D114580,,,,,,,,
DB00620,D147540,,,,,,,,
DB00620,D148100,,,,,,,,
DB00620,D152700,,,,,,,,
DB00620,D165199,,,,,,,,
DB00620,D173200,,,,,,,,
DB00620,D181000,,,,,,,,
DB00620,D188030,,,,,,,,
DB00620,D208550,,,,,,,,
DB00620,D223350,,,,,,,,
DB00620,D603165,,,,,,,,
DB00620,D607154,,,,,,,,
DB00622,D161900,,,,,,,,
DB00622,D608622,,,,,,,,
DB00623,D181500,,,,,,,,
DB00624,D114480,,,,,,,,
DB00624,D215470,,,,,,,,
DB00627,D144010,,,,,,,,
DB00627,D144650,,,,,,,,
DB00630,D102500,,,,,,,,
DB00630,D150600,,,,,,,,
DB00630,D166710,,,,,,,,
DB00630,D167320,,,,,,,,
DB00630,D602080,,,,,,,,
DB00631,D247640,,,,,,,,
DB00635,D103285,,,,,,,,
DB00635,D109100,,,,,,,,
DB00635,D126200,,,,,,,,
DB00635,D143880,,,,,,,,
DB00635,D147540,,,,,,,,
DB00635,D152700,,,,,,,,
DB00635,D157300,,,,,,,,
DB00635,D181000,,,,,,,,
DB00635,D187360,,,,,,,,
DB00635,D188030,,,,,,,,
DB00635,D191100,,,,,,,,
DB00635,D202370,,,,,,,,
DB00635,D205700,,,,,,,,
DB00635,D208550,,,,,,,,
DB00635,D208920,,,,,,,,
DB00635,D223350,,,,,,,,
DB00635,D233810,,,,,,,,
DB00635,D240200,,,,,,,,
DB00635,D247640,,,,,,,,
DB00635,D254400,,,,,,,,
DB00635,D276300,,,,,,,,
DB00635,D300100,,,,,,,,
DB00635,D304790,,,,,,,,
DB00635,D600351,,,,,,,,
DB00635,D603165,,,,,,,,
DB00635,D607154,,,,,,,,
DB00636,D144650,,,,,,,,
DB00637,D147540,,,,,,,,
DB00640,D194200,,,,,,,,
DB00641,D143890,,,,,,,,
DB00641,D144010,,,,,,,,
DB00642,D276300,,,,,,,,
DB00644,D146110,,,,,,,,
DB00647,D147530,,,,,,,,
DB00651,D208550,,,,,,,,
DB00651,D210050,,,,,,,,
DB00651,D600807,,,,,,,,
DB00652,D147530,,,,,,,,
DB00653,D127350,,,,,,,,
DB00653,D189800,,,,,,,,
DB00653,D239350,,,,,,,,
DB00653,D248190,,,,,,,,
DB00654,D137750,,,,,,,,
DB00654,D137760,,,,,,,,
DB00654,D161900,,,,,,,,
DB00654,D601682,,,,,,,,
DB00655,D215470,,,,,,,,
DB00655,D311360,,,,,,,,
DB00657,D137580,,,,,,,,
DB00657,D145500,,,,,,,,
DB00657,D161900,,,,,,,,
DB00657,D608622,,,,,,,,
DB00659,D103780,,,,,,,,
DB00661,D115000,,,,,,,,
DB00661,D115195,,,,,,,,
DB00661,D157300,,,,,,,,
DB00661,D161900,,,,,,,,
DB00661,D200170,,,,,,,,
DB00661,D607554,,,,,,,,
DB00661,D608583,,,,,,,,
DB00661,D608622,,,,,,,,
DB00663,D603165,,,,,,,,
DB00668,D137750,,,,,,,,
DB00668,D137760,,,,,,,,
DB00668,D147540,,,,,,,,
DB00668,D208550,,,,,,,,
DB00668,D600807,,,,,,,,
DB00668,D601682,,,,,,,,
DB00669,D157300,,,,,,,,
DB00669,D300125,,,,,,,,
DB00669,D607501,,,,,,,,
DB00672,D125850,,,,,,,,
DB00672,D125851,,,,,,,,
DB00672,D125853,,,,,,,,
DB00672,D600496,,,,,,,,
DB00674,D104300,,,,,,,,
DB00674,D104310,,,,,,,,
DB00674,D125320,,,,,,,,
DB00674,D605055,,,,,,,,
DB00674,D606889,,,,,,,,
DB00674,D607822,,,,,,,,
DB00674,D608907,,,,,,,,
DB00675,D114480,,,,,,,,
DB00675,D174800,,,,,,,,
DB00678,D145500,,,,,,,,
DB00678,D146255,,,,,,,,
DB00678,D161900,,,,,,,,
DB00678,D608622,,,,,,,,
DB00679,D181500,,,,,,,,
DB00682,D107320,,,,,,,,
DB00682,D125310,,,,,,,,
DB00682,D540000,,,,,,,,
DB00682,D601367,,,,,,,,
DB00682,D607554,,,,,,,,
DB00682,D608583,,,,,,,,
DB00686,D147530,,,,,,,,
DB00687,D157700,,,,,,,,
DB00687,D240200,,,,,,,,
DB00687,D252320,,,,,,,,
DB00691,D146255,,,,,,,,
DB00691,D161900,,,,,,,,
DB00691,D608622,,,,,,,,
DB00692,D155100,,,,,,,,
DB00692,D161900,,,,,,,,
DB00692,D171300,,,,,,,,
DB00692,D231200,,,,,,,,
DB00692,D273800,,,,,,,,
DB00692,D608622,,,,,,,,
DB00694,D148000,,,,,,,,
DB00694,D151380,,,,,,,,
DB00694,D223350,,,,,,,,
DB00694,D247640,,,,,,,,
DB00694,D276300,,,,,,,,
DB00694,D601626,,,,,,,,
DB00695,D143880,,,,,,,,
DB00695,D146255,,,,,,,,
DB00695,D161900,,,,,,,,
DB00695,D166300,,,,,,,,
DB00695,D203700,,,,,,,,
DB00695,D210050,,,,,,,,
DB00695,D215140,,,,,,,,
DB00695,D256370,,,,,,,,
DB00695,D600351,,,,,,,,
DB00695,D608622,,,,,,,,
DB00696,D157300,,,,,,,,
DB00696,D300125,,,,,,,,
DB00697,D157300,,,,,,,,
DB00697,D160750,,,,,,,,
DB00697,D190400,,,,,,,,
DB00697,D200170,,,,,,,,
DB00697,D601042,,,,,,,,
DB00699,D153800,,,,,,,,
DB00699,D608895,,,,,,,,
DB00704,D103780,,,,,,,,
DB00706,D147530,,,,,,,,
DB00706,D200170,,,,,,,,
DB00706,D310468,,,,,,,,
DB00706,D600082,,,,,,,,
DB00710,D102500,,,,,,,,
DB00710,D166710,,,,,,,,
DB00712,D140600,,,,,,,,
DB00712,D153880,,,,,,,,
DB00712,D165720,,,,,,,,
DB00712,D208230,,,,,,,,
DB00712,D607459,,,,,,,,
DB00712,D607850,,,,,,,,
DB00714,D168100,,,,,,,,
DB00714,D168600,,,,,,,,
DB00714,D168601,,,,,,,,
DB00714,D260300,,,,,,,,
DB00714,D556500,,,,,,,,
DB00714,D600116,,,,,,,,
DB00714,D606324,,,,,,,,
DB00714,D607060,,,,,,,,
DB00714,D607688,,,,,,,,
DB00715,D131300,,,,,,,,
DB00715,D164230,,,,,,,,
DB00715,D252320,,,,,,,,
DB00716,D208550,,,,,,,,
DB00716,D600807,,,,,,,,
DB00717,D102500,,,,,,,,
DB00717,D131200,,,,,,,,
DB00717,D184700,,,,,,,,
DB00717,D215470,,,,,,,,
DB00717,D604416,,,,,,,,
DB00719,D603165,,,,,,,,
DB00719,D607154,,,,,,,,
DB00721,D147530,,,,,,,,
DB00722,D125310,,,,,,,,
DB00722,D146255,,,,,,,,
DB00722,D161900,,,,,,,,
DB00722,D233100,,,,,,,,
DB00722,D608320,,,,,,,,
DB00722,D608622,,,,,,,,
DB00724,D106400,,,,,,,,
DB00727,D179600,,,,,,,,
DB00727,D189800,,,,,,,,
DB00731,D125850,,,,,,,,
DB00731,D125851,,,,,,,,
DB00731,D125853,,,,,,,,
DB00731,D600496,,,,,,,,
DB00733,D254200,,,,,,,,
DB00734,D137580,,,,,,,,
DB00734,D181500,,,,,,,,
DB00734,D182830,,,,,,,,
DB00734,D225740,,,,,,,,
DB00734,D225755,,,,,,,,
DB00734,D260970,,,,,,,,
DB00734,D300494,,,,,,,,
DB00734,D608033,,,,,,,,
DB00736,D109350,,,,,,,,
DB00736,D190310,,,,,,,,
DB00736,D600263,,,,,,,,
DB00741,D166760,,,,,,,,
DB00741,D233810,,,,,,,,
DB00741,D266600,,,,,,,,
DB00741,D603165,,,,,,,,
DB00744,D208550,,,,,,,,
DB00744,D600807,,,,,,,,
DB00745,D107650,,,,,,,,
DB00745,D126200,,,,,,,,
DB00745,D143465,,,,,,,,
DB00745,D161400,,,,,,,,
DB00747,D107550,,,,,,,,
DB00747,D125320,,,,,,,,
DB00747,D168100,,,,,,,,
DB00747,D168600,,,,,,,,
DB00747,D190310,,,,,,,,
DB00747,D226150,,,,,,,,
DB00748,D603165,,,,,,,,
DB00748,D607154,,,,,,,,
DB00749,D140600,,,,,,,,
DB00749,D147530,,,,,,,,
DB00749,D165720,,,,,,,,
DB00749,D208230,,,,,,,,
DB00749,D607459,,,,,,,,
DB00749,D607850,,,,,,,,
DB00750,D147530,,,,,,,,
DB00751,D603165,,,,,,,,
DB00754,D239350,,,,,,,,
DB00755,D113800,,,,,,,,
DB00755,D124200,,,,,,,,
DB00755,D145200,,,,,,,,
DB00755,D146700,,,,,,,,
DB00755,D182000,,,,,,,,
DB00755,D242100,,,,,,,,
DB00755,D276300,,,,,,,,
DB00755,D604416,,,,,,,,
DB00757,D145590,,,,,,,,
DB00758,D125310,,,,,,,,
DB00758,D540000,,,,,,,,
DB00758,D601367,,,,,,,,
DB00759,D600263,,,,,,,,
DB00759,D603165,,,,,,,,
DB00759,D604416,,,,,,,,
DB00762,D114500,,,,,,,,
DB00762,D223350,,,,,,,,
DB00762,D246470,,,,,,,,
DB00762,D276300,,,,,,,,
DB00763,D275000,,,,,,,,
DB00765,D171300,,,,,,,,
DB00768,D603165,,,,,,,,
DB00771,D191390,,,,,,,,
DB00771,D226150,,,,,,,,
DB00773,D182280,,,,,,,,
DB00773,D236000,,,,,,,,
DB00773,D273300,,,,,,,,
DB00773,D276300,,,,,,,,
DB00775,D608320,,,,,,,,
DB00776,D208700,,,,,,,,
DB00776,D267740,,,,,,,,
DB00776,D300491,,,,,,,,
DB00776,D600131,,,,,,,,
DB00776,D604827,,,,,,,,
DB00776,D607628,,,,,,,,
DB00776,D607631,,,,,,,,
DB00776,D607681,,,,,,,,
DB00776,D607682,,,,,,,,
DB00776,D608105,,,,,,,,
DB00783,D102500,,,,,,,,
DB00783,D114480,,,,,,,,
DB00783,D176807,,,,,,,,
DB00783,D215470,,,,,,,,
DB00783,D311360,,,,,,,,
DB00784,D140600,,,,,,,,
DB00784,D165720,,,,,,,,
DB00784,D607850,,,,,,,,
DB00788,D133690,,,,,,,,
DB00788,D140600,,,,,,,,
DB00788,D145590,,,,,,,,
DB00788,D147530,,,,,,,,
DB00788,D150600,,,,,,,,
DB00788,D157300,,,,,,,,
DB00788,D165720,,,,,,,,
DB00788,D208230,,,,,,,,
DB00788,D252320,,,,,,,,
DB00788,D607459,,,,,,,,
DB00788,D607850,,,,,,,,
DB00790,D125310,,,,,,,,
DB00790,D146255,,,,,,,,
DB00790,D608320,,,,,,,,
DB00794,D121201,,,,,,,,
DB00794,D132090,,,,,,,,
DB00794,D132100,,,,,,,,
DB00794,D190300,,,,,,,,
DB00794,D190310,,,,,,,,
DB00794,D208700,,,,,,,,
DB00794,D267740,,,,,,,,
DB00794,D300491,,,,,,,,
DB00794,D600131,,,,,,,,
DB00794,D604827,,,,,,,,
DB00794,D607628,,,,,,,,
DB00794,D607631,,,,,,,,
DB00794,D607681,,,,,,,,
DB00794,D607682,,,,,,,,
DB00794,D608105,,,,,,,,
DB00795,D104130,,,,,,,,
DB00795,D266600,,,,,,,,
DB00796,D161900,,,,,,,,
DB00796,D608622,,,,,,,,
DB00800,D161900,,,,,,,,
DB00800,D608622,,,,,,,,
DB00804,D304790,,,,,,,,
DB00804,D600351,,,,,,,,
DB00806,D125310,,,,,,,,
DB00806,D188050,,,,,,,,
DB00806,D540000,,,,,,,,
DB00806,D601367,,,,,,,,
DB00808,D161900,,,,,,,,
DB00808,D215140,,,,,,,,
DB00808,D256370,,,,,,,,
DB00808,D600351,,,,,,,,
DB00808,D608622,,,,,,,,
DB00810,D125320,,,,,,,,
DB00810,D168100,,,,,,,,
DB00813,D147530,,,,,,,,
DB00814,D133690,,,,,,,,
DB00814,D140600,,,,,,,,
DB00814,D165720,,,,,,,,
DB00814,D208230,,,,,,,,
DB00814,D607459,,,,,,,,
DB00814,D607850,,,,,,,,
DB00816,D208550,,,,,,,,
DB00816,D210050,,,,,,,,
DB00816,D600807,,,,,,,,
DB00819,D137760,,,,,,,,
DB00819,D147480,,,,,,,,
DB00819,D215140,,,,,,,,
DB00819,D239350,,,,,,,,
DB00819,D600351,,,,,,,,
DB00820,D161900,,,,,,,,
DB00820,D178600,,,,,,,,
DB00822,D103780,,,,,,,,
DB00829,D156000,,,,,,,,
DB00829,D601042,,,,,,,,
DB00831,D181500,,,,,,,,
DB00834,D103285,,,,,,,,
DB00835,D603165,,,,,,,,
DB00835,D607154,,,,,,,,
DB00839,D125850,,,,,,,,
DB00839,D125851,,,,,,,,
DB00839,D125853,,,,,,,,
DB00839,D600496,,,,,,,,
DB00843,D104300,,,,,,,,
DB00843,D104310,,,,,,,,
DB00843,D125320,,,,,,,,
DB00843,D605055,,,,,,,,
DB00843,D606889,,,,,,,,
DB00843,D607822,,,,,,,,
DB00843,D608907,,,,,,,,
DB00844,D147530,,,,,,,,
DB00846,D233810,,,,,,,,
DB00847,D219750,,,,,,,,
DB00847,D219800,,,,,,,,
DB00848,D276300,,,,,,,,
DB00851,D155600,,,,,,,,
DB00851,D155601,,,,,,,,
DB00851,D236000,,,,,,,,
DB00851,D256700,,,,,,,,
DB00851,D268220,,,,,,,,
DB00851,D276300,,,,,,,,
DB00852,D145590,,,,,,,,
DB00852,D208550,,,,,,,,
DB00852,D600807,,,,,,,,
DB00852,D603165,,,,,,,,
DB00852,D607154,,,,,,,,
DB00852,D608088,,,,,,,,
DB00860,D126200,,,,,,,,
DB00860,D147540,,,,,,,,
DB00860,D152700,,,,,,,,
DB00860,D205700,,,,,,,,
DB00860,D215140,,,,,,,,
DB00860,D240200,,,,,,,,
DB00860,D266600,,,,,,,,
DB00860,D276300,,,,,,,,
DB00860,D304790,,,,,,,,
DB00860,D600351,,,,,,,,
DB00861,D140600,,,,,,,,
DB00861,D147530,,,,,,,,
DB00861,D165720,,,,,,,,
DB00861,D208230,,,,,,,,
DB00861,D607459,,,,,,,,
DB00861,D607850,,,,,,,,
DB00863,D109350,,,,,,,,
DB00863,D190310,,,,,,,,
DB00863,D304790,,,,,,,,
DB00864,D603165,,,,,,,,
DB00865,D264120,,,,,,,,
DB00865,D303110,,,,,,,,
DB00865,D601665,,,,,,,,
DB00868,D608088,,,,,,,,
DB00869,D137750,,,,,,,,
DB00869,D137760,,,,,,,,
DB00869,D161900,,,,,,,,
DB00869,D601682,,,,,,,,
DB00871,D208550,,,,,,,,
DB00871,D210050,,,,,,,,
DB00871,D600807,,,,,,,,
DB00876,D161900,,,,,,,,
DB00876,D608622,,,,,,,,
DB00880,D161900,,,,,,,,
DB00880,D203700,,,,,,,,
DB00880,D210050,,,,,,,,
DB00880,D215140,,,,,,,,
DB00880,D256370,,,,,,,,
DB00880,D600351,,,,,,,,
DB00880,D608622,,,,,,,,
DB00881,D146255,,,,,,,,
DB00881,D161900,,,,,,,,
DB00881,D233100,,,,,,,,
DB00881,D608622,,,,,,,,
DB00882,D184700,,,,,,,,
DB00882,D270960,,,,,,,,
DB00883,D109350,,,,,,,,
DB00883,D161900,,,,,,,,
DB00883,D178600,,,,,,,,
DB00883,D608320,,,,,,,,
DB00884,D102500,,,,,,,,
DB00884,D166710,,,,,,,,
DB00884,D167320,,,,,,,,
DB00884,D602080,,,,,,,,
DB00887,D146255,,,,,,,,
DB00887,D161900,,,,,,,,
DB00887,D166300,,,,,,,,
DB00887,D203700,,,,,,,,
DB00887,D210050,,,,,,,,
DB00887,D215140,,,,,,,,
DB00887,D256370,,,,,,,,
DB00887,D600351,,,,,,,,
DB00887,D608622,,,,,,,,
DB00889,D145590,,,,,,,,
DB00898,D147530,,,,,,,,
DB00898,D190400,,,,,,,,
DB00899,D147530,,,,,,,,
DB00903,D161900,,,,,,,,
DB00903,D203700,,,,,,,,
DB00903,D210050,,,,,,,,
DB00903,D215140,,,,,,,,
DB00903,D256370,,,,,,,,
DB00903,D600351,,,,,,,,
DB00903,D608622,,,,,,,,
DB00904,D103780,,,,,,,,
DB00904,D145590,,,,,,,,
DB00904,D164230,,,,,,,,
DB00905,D137750,,,,,,,,
DB00905,D137760,,,,,,,,
DB00905,D161900,,,,,,,,
DB00905,D601682,,,,,,,,
DB00907,D147530,,,,,,,,
DB00907,D608088,,,,,,,,
DB00908,D115000,,,,,,,,
DB00908,D607554,,,,,,,,
DB00908,D608583,,,,,,,,
DB00909,D190300,,,,,,,,
DB00909,D208700,,,,,,,,
DB00909,D239350,,,,,,,,
DB00909,D267740,,,,,,,,
DB00909,D300491,,,,,,,,
DB00909,D600131,,,,,,,,
DB00909,D604827,,,,,,,,
DB00909,D607628,,,,,,,,
DB00909,D607631,,,,,,,,
DB00909,D607681,,,,,,,,
DB00909,D607682,,,,,,,,
DB00909,D608105,,,,,,,,
DB00912,D125850,,,,,,,,
DB00912,D125851,,,,,,,,
DB00912,D125853,,,,,,,,
DB00912,D600496,,,,,,,,
DB00915,D119500,,,,,,,,
DB00915,D126200,,,,,,,,
DB00915,D168100,,,,,,,,
DB00917,D231090,,,,,,,,
DB00918,D157300,,,,,,,,
DB00920,D603165,,,,,,,,
DB00921,D147530,,,,,,,,
DB00924,D147530,,,,,,,,
DB00924,D157300,,,,,,,,
DB00924,D160750,,,,,,,,
DB00924,D200170,,,,,,,,
DB00924,D601042,,,,,,,,
DB00925,D171300,,,,,,,,
DB00927,D109350,,,,,,,,
DB00927,D190310,,,,,,,,
DB00927,D304790,,,,,,,,
DB00927,D600263,,,,,,,,
DB00928,D247200,,,,,,,,
DB00928,D258360,,,,,,,,
DB00929,D140600,,,,,,,,
DB00929,D190310,,,,,,,,
DB00933,D181500,,,,,,,,
DB00936,D106400,,,,,,,,
DB00936,D147530,,,,,,,,
DB00936,D604416,,,,,,,,
DB00937,D264120,,,,,,,,
DB00937,D601665,,,,,,,,
DB00938,D208550,,,,,,,,
DB00938,D600807,,,,,,,,
DB00939,D140600,,,,,,,,
DB00939,D147530,,,,,,,,
DB00939,D165720,,,,,,,,
DB00939,D607850,,,,,,,,
DB00945,D107320,,,,,,,,
DB00945,D125310,,,,,,,,
DB00945,D140600,,,,,,,,
DB00945,D145590,,,,,,,,
DB00945,D147530,,,,,,,,
DB00945,D150600,,,,,,,,
DB00945,D152700,,,,,,,,
DB00945,D157300,,,,,,,,
DB00945,D165720,,,,,,,,
DB00945,D208230,,,,,,,,
DB00945,D601367,,,,,,,,
DB00945,D604302,,,,,,,,
DB00945,D607459,,,,,,,,
DB00945,D607850,,,,,,,,
DB00947,D114480,,,,,,,,
DB00950,D603165,,,,,,,,
DB00950,D607154,,,,,,,,
DB00952,D157300,,,,,,,,
DB00952,D607501,,,,,,,,
DB00953,D157300,,,,,,,,
DB00953,D607501,,,,,,,,
DB00956,D147530,,,,,,,,
DB00956,D608088,,,,,,,,
DB00957,D131200,,,,,,,,
DB00957,D604416,,,,,,,,
DB00959,D109100,,,,,,,,
DB00959,D140600,,,,,,,,
DB00959,D147540,,,,,,,,
DB00959,D208550,,,,,,,,
DB00959,D276300,,,,,,,,
DB00960,D161900,,,,,,,,
DB00960,D608622,,,,,,,,
DB00963,D115645,,,,,,,,
DB00963,D212350,,,,,,,,
DB00966,D145500,,,,,,,,
DB00966,D161900,,,,,,,,
DB00966,D608622,,,,,,,,
DB00967,D603165,,,,,,,,
DB00967,D607154,,,,,,,,
DB00968,D161900,,,,,,,,
DB00968,D608622,,,,,,,,
DB00969,D260570,,,,,,,,
DB00972,D603165,,,,,,,,
DB00972,D607154,,,,,,,,
DB00973,D143890,,,,,,,,
DB00975,D601367,,,,,,,,
DB00977,D102500,,,,,,,,
DB00977,D131200,,,,,,,,
DB00977,D184700,,,,,,,,
DB00977,D215470,,,,,,,,
DB00977,D311360,,,,,,,,
DB00977,D604416,,,,,,,,
DB00982,D601626,,,,,,,,
DB00982,D604416,,,,,,,,
DB00983,D208550,,,,,,,,
DB00983,D210050,,,,,,,,
DB00983,D600807,,,,,,,,
DB00984,D106100,,,,,,,,
DB00984,D202400,,,,,,,,
DB00987,D109543,,,,,,,,
DB00987,D223350,,,,,,,,
DB00987,D236000,,,,,,,,
DB00987,D246470,,,,,,,,
DB00987,D247640,,,,,,,,
DB00987,D267730,,,,,,,,
DB00987,D276300,,,,,,,,
DB00987,D601626,,,,,,,,
DB00988,D146255,,,,,,,,
DB00988,D161900,,,,,,,,
DB00988,D166300,,,,,,,,
DB00988,D310468,,,,,,,,
DB00989,D104300,,,,,,,,
DB00989,D104310,,,,,,,,
DB00989,D125320,,,,,,,,
DB00989,D168100,,,,,,,,
DB00989,D168600,,,,,,,,
DB00989,D168601,,,,,,,,
DB00989,D260300,,,,,,,,
DB00989,D556500,,,,,,,,
DB00989,D600116,,,,,,,,
DB00989,D605055,,,,,,,,
DB00989,D606324,,,,,,,,
DB00989,D606889,,,,,,,,
DB00989,D607060,,,,,,,,
DB00989,D607688,,,,,,,,
DB00989,D607822,,,,,,,,
DB00989,D608907,,,,,,,,
DB00990,D114480,,,,,,,,
DB00991,D140600,,,,,,,,
DB00991,D165720,,,,,,,,
DB00991,D208230,,,,,,,,
DB00991,D607459,,,,,,,,
DB00991,D607850,,,,,,,,
DB00993,D126200,,,,,,,,
DB00993,D152700,,,,,,,,
DB00993,D160300,,,,,,,,
DB00993,D181000,,,,,,,,
DB00993,D188030,,,,,,,,
DB00993,D208920,,,,,,,,
DB00993,D233810,,,,,,,,
DB00993,D254200,,,,,,,,
DB00993,D266600,,,,,,,,
DB00996,D102300,,,,,,,,
DB00996,D147530,,,,,,,,
DB00996,D157300,,,,,,,,
DB00996,D165199,,,,,,,,
DB00996,D190300,,,,,,,,
DB00996,D208700,,,,,,,,
DB00996,D267740,,,,,,,,
DB00996,D300491,,,,,,,,
DB00996,D600131,,,,,,,,
DB00996,D604827,,,,,,,,
DB00996,D607628,,,,,,,,
DB00996,D607631,,,,,,,,
DB00996,D607681,,,,,,,,
DB00996,D607682,,,,,,,,
DB00996,D608105,,,,,,,,
DB00997,D109800,,,,,,,,
DB00997,D114480,,,,,,,,
DB00997,D137215,,,,,,,,
DB00997,D188470,,,,,,,,
DB00997,D194070,,,,,,,,
DB00997,D211980,,,,,,,,
DB00997,D236000,,,,,,,,
DB00997,D247640,,,,,,,,
DB00997,D254500,,,,,,,,
DB00997,D256700,,,,,,,,
DB00997,D259500,,,,,,,,
DB00997,D268220,,,,,,,,
DB00997,D276300,,,,,,,,
DB00997,D601626,,,,,,,,
DB00998,D157300,,,,,,,,
DB00998,D607501,,,,,,,,
DB00999,D102500,,,,,,,,
DB00999,D125700,,,,,,,,
DB00999,D161900,,,,,,,,
DB00999,D215140,,,,,,,,
DB00999,D600351,,,,,,,,
DB00999,D608622,,,,,,,,
DB01001,D208550,,,,,,,,
DB01001,D600807,,,,,,,,
DB01002,D147530,,,,,,,,
DB01003,D191390,,,,,,,,
DB01003,D208550,,,,,,,,
DB01003,D600807,,,,,,,,
DB01005,D144700,,,,,,,,
DB01005,D155600,,,,,,,,
DB01005,D155601,,,,,,,,
DB01005,D187950,,,,,,,,
DB01005,D263300,,,,,,,,
DB01005,D276300,,,,,,,,
DB01005,D605839,,,,,,,,
DB01006,D114480,,,,,,,,
DB01009,D140600,,,,,,,,
DB01009,D145590,,,,,,,,
DB01009,D165720,,,,,,,,
DB01009,D208230,,,,,,,,
DB01009,D607459,,,,,,,,
DB01009,D607850,,,,,,,,
DB01012,D608266,,,,,,,,
DB01014,D266600,,,,,,,,
DB01016,D125850,,,,,,,,
DB01016,D125851,,,,,,,,
DB01016,D125853,,,,,,,,
DB01016,D600496,,,,,,,,
DB01017,D604416,,,,,,,,
DB01018,D143465,,,,,,,,
DB01018,D161900,,,,,,,,
DB01018,D608622,,,,,,,,
DB01019,D109350,,,,,,,,
DB01019,D157950,,,,,,,,
DB01020,D109350,,,,,,,,
DB01020,D608320,,,,,,,,
DB01023,D161900,,,,,,,,
DB01023,D179600,,,,,,,,
DB01023,D608622,,,,,,,,
DB01026,D212050,,,,,,,,
DB01029,D125850,,,,,,,,
DB01029,D125851,,,,,,,,
DB01029,D125853,,,,,,,,
DB01029,D146255,,,,,,,,
DB01029,D161900,,,,,,,,
DB01029,D600496,,,,,,,,
DB01029,D608622,,,,,,,,
DB01030,D182280,,,,,,,,
DB01030,D276300,,,,,,,,
DB01033,D109543,,,,,,,,
DB01033,D151400,,,,,,,,
DB01033,D191390,,,,,,,,
DB01033,D247640,,,,,,,,
DB01033,D266600,,,,,,,,
DB01035,D115000,,,,,,,,
DB01035,D607554,,,,,,,,
DB01035,D608583,,,,,,,,
DB01037,D104300,,,,,,,,
DB01037,D104310,,,,,,,,
DB01037,D168600,,,,,,,,
DB01037,D168601,,,,,,,,
DB01037,D260300,,,,,,,,
DB01037,D556500,,,,,,,,
DB01037,D600116,,,,,,,,
DB01037,D606324,,,,,,,,
DB01037,D606889,,,,,,,,
DB01037,D607060,,,,,,,,
DB01037,D607688,,,,,,,,
DB01037,D607822,,,,,,,,
DB01037,D608907,,,,,,,,
DB01039,D144010,,,,,,,,
DB01039,D144650,,,,,,,,
DB01041,D246300,,,,,,,,
DB01041,D254500,,,,,,,,
DB01043,D104300,,,,,,,,
DB01043,D104310,,,,,,,,
DB01043,D125320,,,,,,,,
DB01043,D605055,,,,,,,,
DB01043,D606889,,,,,,,,
DB01043,D607822,,,,,,,,
DB01043,D608907,,,,,,,,
DB01045,D246300,,,,,,,,
DB01046,D103285,,,,,,,,
DB01050,D140600,,,,,,,,
DB01050,D145590,,,,,,,,
DB01050,D147530,,,,,,,,
DB01050,D150600,,,,,,,,
DB01050,D165720,,,,,,,,
DB01050,D208230,,,,,,,,
DB01050,D252320,,,,,,,,
DB01050,D604302,,,,,,,,
DB01050,D607459,,,,,,,,
DB01050,D607850,,,,,,,,
DB01063,D181500,,,,,,,,
DB01064,D115000,,,,,,,,
DB01064,D208550,,,,,,,,
DB01064,D600807,,,,,,,,
DB01065,D209850,,,,,,,,
DB01065,D300425,,,,,,,,
DB01065,D300495,,,,,,,,
DB01065,D608636,,,,,,,,
DB01067,D125850,,,,,,,,
DB01067,D125851,,,,,,,,
DB01067,D125853,,,,,,,,
DB01067,D600496,,,,,,,,
DB01068,D102300,,,,,,,,
DB01068,D140600,,,,,,,,
DB01068,D165720,,,,,,,,
DB01068,D181500,,,,,,,,
DB01068,D208230,,,,,,,,
DB01068,D254770,,,,,,,,
DB01068,D254800,,,,,,,,
DB01068,D606369,,,,,,,,
DB01068,D607459,,,,,,,,
DB01068,D607850,,,,,,,,
DB01069,D147540,,,,,,,,
DB01069,D603165,,,,,,,,
DB01069,D608088,,,,,,,,
DB01070,D134600,,,,,,,,
DB01070,D146200,,,,,,,,
DB01070,D146255,,,,,,,,
DB01070,D166710,,,,,,,,
DB01070,D241519,,,,,,,,
DB01070,D264700,,,,,,,,
DB01070,D277440,,,,,,,,
DB01070,D307700,,,,,,,,
DB01070,D600081,,,,,,,,
DB01073,D109543,,,,,,,,
DB01073,D151400,,,,,,,,
DB01073,D223350,,,,,,,,
DB01073,D236000,,,,,,,,
DB01073,D247640,,,,,,,,
DB01073,D267730,,,,,,,,
DB01073,D276300,,,,,,,,
DB01075,D145590,,,,,,,,
DB01075,D147540,,,,,,,,
DB01075,D608088,,,,,,,,
DB01076,D143890,,,,,,,,
DB01076,D144010,,,,,,,,
DB01077,D602080,,,,,,,,
DB01080,D308350,,,,,,,,
DB01080,D605021,,,,,,,,
DB01083,D264120,,,,,,,,
DB01083,D303110,,,,,,,,
DB01083,D601665,,,,,,,,
DB01084,D603165,,,,,,,,
DB01085,D161900,,,,,,,,
DB01086,D147530,,,,,,,,
DB01086,D166760,,,,,,,,
DB01088,D145500,,,,,,,,
DB01088,D161900,,,,,,,,
DB01088,D178600,,,,,,,,
DB01088,D608622,,,,,,,,
DB01095,D144010,,,,,,,,
DB01098,D143890,,,,,,,,
DB01098,D144010,,,,,,,,
DB01098,D144250,,,,,,,,
DB01098,D145750,,,,,,,,
DB01099,D114580,,,,,,,,
DB01099,D212050,,,,,,,,
DB01101,D114480,,,,,,,,
DB01101,D114500,,,,,,,,
DB01101,D137215,,,,,,,,
DB01101,D144700,,,,,,,,
DB01101,D176807,,,,,,,,
DB01101,D276300,,,,,,,,
DB01104,D131300,,,,,,,,
DB01104,D164230,,,,,,,,
DB01104,D252320,,,,,,,,
DB01105,D264120,,,,,,,,
DB01105,D303110,,,,,,,,
DB01105,D601665,,,,,,,,
DB01106,D603165,,,,,,,,
DB01106,D607154,,,,,,,,
DB01110,D114580,,,,,,,,
DB01110,D212050,,,,,,,,
DB01113,D115000,,,,,,,,
DB01113,D179600,,,,,,,,
DB01113,D260570,,,,,,,,
DB01114,D607154,,,,,,,,
DB01115,D161900,,,,,,,,
DB01115,D179600,,,,,,,,
DB01115,D608622,,,,,,,,
DB01118,D115000,,,,,,,,
DB01120,D125853,,,,,,,,
DB01122,D254200,,,,,,,,
DB01124,D125850,,,,,,,,
DB01124,D125851,,,,,,,,
DB01124,D125853,,,,,,,,
DB01124,D600496,,,,,,,,
DB01125,D607554,,,,,,,,
DB01128,D176807,,,,,,,,
DB01129,D109350,,,,,,,,
DB01129,D190310,,,,,,,,
DB01129,D600263,,,,,,,,
DB01132,D125850,,,,,,,,
DB01132,D125851,,,,,,,,
DB01132,D125853,,,,,,,,
DB01132,D600496,,,,,,,,
DB01133,D167320,,,,,,,,
DB01133,D602080,,,,,,,,
DB01136,D161900,,,,,,,,
DB01136,D607554,,,,,,,,
DB01136,D608622,,,,,,,,
DB01142,D147530,,,,,,,,
DB01142,D603165,,,,,,,,
DB01143,D276300,,,,,,,,
DB01144,D137760,,,,,,,,
DB01146,D603165,,,,,,,,
DB01146,D607154,,,,,,,,
DB01148,D155100,,,,,,,,
DB01148,D231200,,,,,,,,
DB01148,D273800,,,,,,,,
DB01151,D143465,,,,,,,,
DB01151,D147530,,,,,,,,
DB01156,D143465,,,,,,,,
DB01156,D264120,,,,,,,,
DB01157,D109100,,,,,,,,
DB01161,D147530,,,,,,,,
DB01162,D147530,,,,,,,,
DB01162,D157950,,,,,,,,
DB01162,D161900,,,,,,,,
DB01162,D200170,,,,,,,,
DB01162,D600082,,,,,,,,
DB01162,D608622,,,,,,,,
DB01165,D166760,,,,,,,,
DB01165,D600263,,,,,,,,
DB01167,D114580,,,,,,,,
DB01167,D212050,,,,,,,,
DB01167,D258360,,,,,,,,
DB01167,D602068,,,,,,,,
DB01169,D276300,,,,,,,,
DB01170,D161900,,,,,,,,
DB01170,D608622,,,,,,,,
DB01173,D147530,,,,,,,,
DB01173,D157300,,,,,,,,
DB01173,D160750,,,,,,,,
DB01173,D168600,,,,,,,,
DB01173,D168601,,,,,,,,
DB01173,D200170,,,,,,,,
DB01173,D260300,,,,,,,,
DB01173,D556500,,,,,,,,
DB01173,D600116,,,,,,,,
DB01173,D606324,,,,,,,,
DB01173,D607060,,,,,,,,
DB01173,D607688,,,,,,,,
DB01174,D121200,,,,,,,,
DB01174,D121201,,,,,,,,
DB01174,D143500,,,,,,,,
DB01174,D190310,,,,,,,,
DB01174,D208085,,,,,,,,
DB01174,D218800,,,,,,,,
DB01174,D226150,,,,,,,,
DB01174,D237450,,,,,,,,
DB01174,D237500,,,,,,,,
DB01174,D608217,,,,,,,,
DB01175,D164230,,,,,,,,
DB01176,D145590,,,,,,,,
DB01177,D223350,,,,,,,,
DB01177,D247640,,,,,,,,
DB01177,D601626,,,,,,,,
DB01181,D109543,,,,,,,,
DB01181,D151400,,,,,,,,
DB01181,D236000,,,,,,,,
DB01181,D247640,,,,,,,,
DB01181,D273300,,,,,,,,
DB01181,D276300,,,,,,,,
DB01182,D607554,,,,,,,,
DB01185,D114480,,,,,,,,
DB01185,D215470,,,,,,,,
DB01186,D168100,,,,,,,,
DB01186,D168600,,,,,,,,
DB01186,D168601,,,,,,,,
DB01186,D260300,,,,,,,,
DB01186,D556500,,,,,,,,
DB01186,D600116,,,,,,,,
DB01186,D606324,,,,,,,,
DB01186,D607060,,,,,,,,
DB01186,D607688,,,,,,,,
DB01188,D114580,,,,,,,,
DB01189,D147530,,,,,,,,
DB01189,D161900,,,,,,,,
DB01189,D608622,,,,,,,,
DB01192,D147530,,,,,,,,
DB01193,D161900,,,,,,,,
DB01193,D608622,,,,,,,,
DB01194,D137750,,,,,,,,
DB01194,D137760,,,,,,,,
DB01194,D161900,,,,,,,,
DB01194,D601682,,,,,,,,
DB01195,D607554,,,,,,,,
DB01196,D176807,,,,,,,,
DB01196,D601518,,,,,,,,
DB01197,D146255,,,,,,,,
DB01197,D161900,,,,,,,,
DB01197,D179600,,,,,,,,
DB01197,D215140,,,,,,,,
DB01197,D600351,,,,,,,,
DB01197,D602522,,,,,,,,
DB01197,D608622,,,,,,,,
DB01200,D102300,,,,,,,,
DB01200,D168100,,,,,,,,
DB01202,D239350,,,,,,,,
DB01202,D300491,,,,,,,,
DB01202,D600131,,,,,,,,
DB01202,D604827,,,,,,,,
DB01202,D607628,,,,,,,,
DB01202,D607631,,,,,,,,
DB01202,D607681,,,,,,,,
DB01202,D607682,,,,,,,,
DB01202,D608105,,,,,,,,
DB01203,D110100,,,,,,,,
DB01203,D157700,,,,,,,,
DB01203,D161900,,,,,,,,
DB01203,D190300,,,,,,,,
DB01203,D190310,,,,,,,,
DB01203,D608622,,,,,,,,
DB01204,D109543,,,,,,,,
DB01204,D126200,,,,,,,,
DB01204,D147530,,,,,,,,
DB01204,D176807,,,,,,,,
DB01204,D236000,,,,,,,,
DB01204,D247640,,,,,,,,
DB01204,D267730,,,,,,,,
DB01204,D601626,,,,,,,,
DB01210,D137750,,,,,,,,
DB01210,D155100,,,,,,,,
DB01210,D161900,,,,,,,,
DB01210,D231200,,,,,,,,
DB01210,D273800,,,,,,,,
DB01214,D137750,,,,,,,,
DB01214,D137760,,,,,,,,
DB01214,D601682,,,,,,,,
DB01216,D104130,,,,,,,,
DB01216,D109200,,,,,,,,
DB01216,D147530,,,,,,,,
DB01216,D200170,,,,,,,,
DB01216,D600082,,,,,,,,
DB01217,D114480,,,,,,,,
DB01217,D174800,,,,,,,,
DB01219,D125310,,,,,,,,
DB01219,D126200,,,,,,,,
DB01219,D145600,,,,,,,,
DB01219,D154276,,,,,,,,
DB01219,D217150,,,,,,,,
DB01219,D540000,,,,,,,,
DB01219,D601042,,,,,,,,
DB01219,D601367,,,,,,,,
DB01219,D601887,,,,,,,,
DB01219,D607225,,,,,,,,
DB01221,D147530,,,,,,,,
DB01222,D191390,,,,,,,,
DB01222,D208550,,,,,,,,
DB01222,D210050,,,,,,,,
DB01222,D266600,,,,,,,,
DB01222,D600807,,,,,,,,
DB01222,D607154,,,,,,,,
DB01223,D208550,,,,,,,,
DB01223,D210050,,,,,,,,
DB01223,D600807,,,,,,,,
DB01224,D164230,,,,,,,,
DB01224,D181500,,,,,,,,
DB01225,D155100,,,,,,,,
DB01225,D188050,,,,,,,,
DB01225,D231200,,,,,,,,
DB01225,D273800,,,,,,,,
DB01228,D115000,,,,,,,,
DB01229,D114480,,,,,,,,
DB01229,D148000,,,,,,,,
DB01229,D194070,,,,,,,,
DB01231,D145590,,,,,,,,
DB01231,D156000,,,,,,,,
DB01233,D109350,,,,,,,,
DB01233,D157300,,,,,,,,
DB01234,D145590,,,,,,,,
DB01234,D152700,,,,,,,,
DB01234,D153880,,,,,,,,
DB01234,D166760,,,,,,,,
DB01234,D181000,,,,,,,,
DB01234,D188030,,,,,,,,
DB01234,D208550,,,,,,,,
DB01234,D215140,,,,,,,,
DB01234,D223350,,,,,,,,
DB01234,D233810,,,,,,,,
DB01234,D254400,,,,,,,,
DB01234,D276300,,,,,,,,
DB01234,D600351,,,,,,,,
DB01234,D601608,,,,,,,,
DB01234,D603165,,,,,,,,
DB01235,D102300,,,,,,,,
DB01235,D168100,,,,,,,,
DB01235,D168600,,,,,,,,
DB01235,D168601,,,,,,,,
DB01235,D260300,,,,,,,,
DB01235,D556500,,,,,,,,
DB01235,D600116,,,,,,,,
DB01235,D606324,,,,,,,,
DB01235,D607060,,,,,,,,
DB01235,D607688,,,,,,,,
DB01237,D607154,,,,,,,,
DB01238,D164230,,,,,,,,
DB01238,D181500,,,,,,,,
DB01240,D161900,,,,,,,,
DB01240,D178600,,,,,,,,
DB01240,D188030,,,,,,,,
DB01241,D144010,,,,,,,,
DB01241,D144650,,,,,,,,
DB01241,D260480,,,,,,,,
DB01242,D164230,,,,,,,,
DB01244,D161900,,,,,,,,
DB01244,D608622,,,,,,,,
DB01246,D603165,,,,,,,,
DB01248,D114480,,,,,,,,
DB01248,D137215,,,,,,,,
DB01248,D155600,,,,,,,,
DB01248,D155601,,,,,,,,
DB01248,D176807,,,,,,,,
DB01248,D276300,,,,,,,,
DB01250,D266600,,,,,,,,
DB01254,D223350,,,,,,,,
DB01254,D247640,,,,,,,,
DB01254,D276300,,,,,,,,
DB01254,D601626,,,,,,,,
DB01254,D608232,,,,,,,,
DB01255,D143465,,,,,,,,
DB01255,D300494,,,,,,,,
DB01259,D114480,,,,,,,,
DB01259,D276300,,,,,,,,
DB01260,D233810,,,,,,,,
DB01261,D125850,,,,,,,,
DB01261,D125851,,,,,,,,
DB01261,D125853,,,,,,,,
DB01261,D600496,,,,,,,,
DB01262,D247200,,,,,,,,
DB01267,D181500,,,,,,,,
DB01268,D144700,,,,,,,,
DB01268,D605839,,,,,,,,
DB01268,D606764,,,,,,,,
DB01275,D145500,,,,,,,,
DB01275,D161900,,,,,,,,
DB01275,D608622,,,,,,,,
DB01283,D140600,,,,,,,,
DB01283,D165720,,,,,,,,
DB01283,D607850,,,,,,,,
DB01291,D208550,,,,,,,,
DB01291,D600807,,,,,,,,
DB01296,D140600,,,,,,,,
DB01296,D165720,,,,,,,,
DB01296,D208230,,,,,,,,
DB01296,D607459,,,,,,,,
DB01296,D607850,,,,,,,,
DB01320,D239350,,,,,,,,
DB01327,D600803,,,,,,,,
DB01351,D239350,,,,,,,,
DB01359,D161900,,,,,,,,
DB01359,D608622,,,,,,,,
DB01364,D208550,,,,,,,,
DB01364,D600807,,,,,,,,
DB01367,D168100,,,,,,,,
DB01367,D168600,,,,,,,,
DB01394,D249100,,,,,,,,
DB01395,D184700,,,,,,,,
DB01395,D604416,,,,,,,,
DB01399,D140600,,,,,,,,
DB01399,D145590,,,,,,,,
DB01399,D147530,,,,,,,,
DB01399,D165720,,,,,,,,
DB01399,D607850,,,,,,,,
DB01400,D157950,,,,,,,,
DB01400,D254200,,,,,,,,
DB01403,D147530,,,,,,,,
DB01406,D106100,,,,,,,,
DB01406,D131200,,,,,,,,
DB01406,D215140,,,,,,,,
DB01406,D600351,,,,,,,,
DB01406,D601608,,,,,,,,
DB01410,D208550,,,,,,,,
DB01410,D603165,,,,,,,,
DB01410,D607154,,,,,,,,
DB01427,D212110,,,,,,,,
DB01440,D161400,,,,,,,,
DB01576,D143465,,,,,,,,
DB01577,D143465,,,,,,,,
DB01577,D264120,,,,,,,,
DB01577,D303110,,,,,,,,
DB01577,D601665,,,,,,,,
DB01579,D264120,,,,,,,,
DB01579,D303110,,,,,,,,
DB01579,D601665,,,,,,,,
DB01590,D144700,,,,,,,,
DB01590,D605839,,,,,,,,
DB01611,D152700,,,,,,,,
DB01620,D603165,,,,,,,,
DB01620,D607154,,,,,,,,
DB01623,D181500,,,,,,,,
DB01628,D140600,,,,,,,,
DB01628,D165720,,,,,,,,
DB01628,D607850,,,,,,,,
DB02546,D254400,,,,,,,,
DB02546,D276300,,,,,,,,
DB04844,D143100,,,,,,,,
DB04861,D110100,,,,,,,,
DB04861,D157700,,,,,,,,
DB04861,D161900,,,,,,,,
DB04861,D608622,,,,,,,,
DB04865,D608232,,,,,,,,
DB04868,D608232,,,,,,,,
DB05271,D102300,,,,,,,,
DB05271,D168600,,,,,,,,
DB05271,D168601,,,,,,,,
DB05271,D260300,,,,,,,,
DB05271,D556500,,,,,,,,
DB05271,D600116,,,,,,,,
DB05271,D606324,,,,,,,,
DB05271,D607060,,,,,,,,
DB05271,D607688,,,,,,,,
DB06196,D106100,,,,,,,,
DB06201,D606369,,,,,,,,
DB06268,D178600,,,,,,,,
DB06287,D144700,,,,,,,,
DB06287,D605839,,,,,,,,
DB06718,D106100,,,,,,,,
DB08799,D603165,,,,,,,,
DB08801,D603165,,,,,,,,
DB08801,D607154,,,,,,,,
DB08804,D106100,,,,,,,,
DB08804,D202400,,,,,,,,
DB08820,D219700,,,,,,,,
DB08896,D606764,,,,,,,,
DB08901,D601626,,,,,,,,
DB08901,D608232,,,,,,,,
DB08906,D603165,,,,,,,,
DB08906,D607154,,,,,,,,
DB08907,D125852,,,,,,,,
DB08907,D222100,,,,,,,,
DB08907,D601942,,,,,,,,
