Drug,Protein
DB00014,P30968
DB00014,P22888
DB00035,P37288
DB00035,P47901
DB00035,P30518
DB00091,P30405
DB00091,P49069
DB00091,Q96LZ3
DB00091,P62937
DB00122,Q13393
DB00122,Q8TCT1
DB00122,P49585
DB00122,P06276
DB00122,O14939
DB00122,Q9Y5K3
DB00122,P22303
DB00122,P36544
DB00126,Q9NVH6
DB00126,Q8IVL5
DB00126,P09172
DB00126,O75936
DB00126,Q9BY66
DB00126,Q9NXG6
DB00126,Q6NS38
DB00126,P19021
DB00126,O00469
DB00126,Q8IVL6
DB00126,Q96Q83
DB00126,Q8N543
DB00126,Q6N063
DB00126,Q9H6Z9
DB00126,P13674
DB00126,Q9GZT9
DB00126,O60568
DB00126,O14832
DB00126,Q32P28
DB00126,Q02809
DB00126,Q96KS0
DB00131,Q9NR19
DB00131,Q07343
DB00131,P33121
DB00131,P16220
DB00131,Q9Y478
DB00131,Q08828
DB00131,P49773
DB00131,P09467
DB00131,Q13131
DB00131,Q08499
DB00131,P55263
DB00136,P31260
DB00136,P11473
DB00140,Q969G6
DB00140,P30043
DB00141,P15291
DB00141,Q9UJ70
DB00141,P54802
DB00141,O60513
DB00141,P51606
DB00141,Q9UK23
DB00146,P11473
DB00152,Q9H3S4
DB00153,Q06432
DB00153,P11473
DB00158,P41439
DB00158,P15328
DB00158,P14207
DB00159,P35354
DB00159,P23219
DB00159,Q07869
DB00159,O14842
DB00159,O60488
DB00159,O60427
DB00159,P37231
DB00159,Q8NER1
DB00159,P32418
DB00159,Q03181
DB00162,P41222
DB00162,Q8TC12
DB00162,Q9BTZ2
DB00162,Q96NR8
DB00162,P00352
DB00162,Q9NYR8
DB00162,P05090
DB00162,O94788
DB00162,Q9HBH5
DB00162,P47895
DB00162,Q92781
DB00162,Q8NBN7
DB00162,O95237
DB00162,O75911
DB00162,Q6NUM9
DB00163,O75469
DB00163,P62714
DB00163,P17252
DB00163,P09917
DB00163,P67775
DB00163,Q9UDX4
DB00163,P05771
DB00163,Q9UDX3
DB00163,O76054
DB00163,P23743
DB00165,O00764
DB00169,P11473
DB00175,P04035
DB00175,Q92769
DB00176,Q12809
DB00176,P31645
DB00177,P30556
DB00178,P46663
DB00178,P12821
DB00179,P04278
DB00179,P09917
DB00180,P04150
DB00181,Q9UBS5
DB00181,O75899
DB00182,Q96RJ0
DB00182,P14416
DB00182,P08588
DB00182,Q99870
DB00182,P27338
DB00182,Q05940
DB00182,Q01959
DB00182,P31645
DB00182,Q16568
DB00182,P35348
DB00182,P21397
DB00182,P23975
DB00186,P14867
DB00187,P08588
DB00188,P20618
DB00188,P28074
DB00190,P20711
DB00191,P27338
DB00191,Q01959
DB00191,P01303
DB00191,P31645
DB00191,P21397
DB00191,P23975
DB00193,Q693P7
DB00193,P20309
DB00193,P35372
DB00193,P30542
DB00193,P28335
DB00193,P25103
DB00193,P41143
DB00193,P31645
DB00193,P11229
DB00193,P08913
DB00193,Q8NER1
DB00193,P23975
DB00193,Q99250
DB00193,Q05586
DB00193,P41145
DB00195,P08588
DB00195,P07550
DB00199,Q12809
DB00199,O43193
DB00201,P29275
DB00201,P42336
DB00201,O00329
DB00201,Q07343
DB00201,P42338
DB00201,P54750
DB00201,Q14643
DB00201,P78527
DB00201,Q13315
DB00201,P0DMS8
DB00201,P29274
DB00201,P30542
DB00201,P21817
DB00201,Q01064
DB00203,Q13956
DB00203,O76074
DB00203,P18545
DB00204,Q12809
DB00204,O95069
DB00204,Q14500
DB00206,O15392
DB00206,P54219
DB00206,Q05940
DB00208,Q9H244
DB00210,P10276
DB00210,P19793
DB00210,P28702
DB00210,P10826
DB00210,P05412
DB00210,P48443
DB00210,P17174
DB00210,P13631
DB00210,O60603
DB00211,P35348
DB00211,P25100
DB00211,P35368
DB00213,O94760
DB00213,P20648
DB00214,P55011
DB00214,Q13621
DB00215,P31645
DB00215,P35367
DB00216,P28222
DB00216,P28221
DB00216,P08908
DB00216,P30939
DB00218,P11388
DB00221,P08588
DB00221,P07550
DB00222,P48048
DB00222,Q14654
DB00222,Q09428
DB00226,P23975
DB00227,P04035
DB00227,Q92769
DB00227,P20701
DB00230,P54289
DB00240,P04150
DB00241,P14867
DB00241,P43681
DB00241,P47869
DB00241,P31644
DB00241,P48169
DB00241,Q16445
DB00241,P34903
DB00241,P42262
DB00241,Q13002
DB00241,P36544
DB00242,P31350
DB00242,Q7LG56
DB00242,Q07864
DB00242,P23921
DB00242,P00491
DB00242,Q9NRF9
DB00242,P56282
DB00242,Q9NR33
DB00242,P09884
DB00244,P05164
DB00244,P35354
DB00244,P23219
DB00244,O14920
DB00244,O15111
DB00244,P09917
DB00244,P37231
DB00245,Q01959
DB00245,P31645
DB00245,P11229
DB00245,P23975
DB00245,P35367
DB00246,P35462
DB00246,P46098
DB00246,P35368
DB00246,P08172
DB00246,P21917
DB00246,P28223
DB00246,P28221
DB00246,P28335
DB00246,P28222
DB00246,P28566
DB00246,P21918
DB00246,P21728
DB00246,P35367
DB00246,P14416
DB00246,P08908
DB00246,P20309
DB00246,P18089
DB00246,P50406
DB00246,P08173
DB00246,P18825
DB00246,P35348
DB00246,P08913
DB00246,P11229
DB00246,P08912
DB00246,P47898
DB00246,P34969
DB00248,P25100
DB00248,P35462
DB00248,P35368
DB00248,P21917
DB00248,P28223
DB00248,P28221
DB00248,P28335
DB00248,P28222
DB00248,P21918
DB00248,P21728
DB00248,P41595
DB00248,P14416
DB00248,P08908
DB00248,P18089
DB00248,P07550
DB00248,P18825
DB00248,P08588
DB00248,P35348
DB00248,P08913
DB00248,P34969
DB00252,Q9UQD0
DB00252,Q9NY46
DB00252,P35498
DB00252,Q07699
DB00252,O75469
DB00252,P14867
DB00252,Q12809
DB00252,Q14524
DB00252,Q13936
DB00252,Q99250
DB00253,P04150
DB00255,Q15596
DB00255,O75469
DB00255,O95718
DB00255,P10275
DB00255,P03372
DB00255,P04278
DB00255,Q92731
DB00255,P11474
DB00255,P62508
DB00257,O15554
DB00257,Q8TDS4
DB00257,O75469
DB00262,P00390
DB00264,P08588
DB00264,P07550
DB00268,P35462
DB00268,P35348
DB00268,P21917
DB00268,P14416
DB00270,Q08289
DB00270,P54289
DB00270,Q9NY47
DB00270,Q13936
DB00270,O95180
DB00270,Q13698
DB00270,Q01668
DB00273,P14867
DB00273,P35498
DB00273,P00915
DB00273,Q15878
DB00273,P22748
DB00273,Q13936
DB00273,P39086
DB00273,P00918
DB00273,P07451
DB00275,P30556
DB00276,P11388
DB00276,P02768
DB00276,Q12809
DB00276,P02763
DB00277,P29275
DB00277,Q7Z5B4
DB00277,P09874
DB00277,Q07343
DB00277,P27815
DB00277,Q14432
DB00277,Q9Y4R7
DB00277,Q99829
DB00277,Q8TCT9
DB00277,Q15155
DB00277,Q92769
DB00277,P29274
DB00277,P30542
DB00277,O76074
DB00278,P00734
DB00279,P12004
DB00279,P10828
DB00279,P10827
DB00280,P20309
DB00280,Q12809
DB00280,Q14524
DB00280,P08172
DB00280,P11229
DB00280,Q9NZV8
DB00280,Q9UK17
DB00280,P19652
DB00281,Q15858
DB00281,Q9Y5Y9
DB00281,P35499
DB00281,Q14524
DB00281,P00533
DB00281,P19652
DB00281,P02763
DB00282,O95749
DB00282,P42574
DB00282,P55211
DB00282,P14324
DB00283,P35367
DB00284,P10253
DB00284,P04746
DB00284,P14410
DB00284,O43451
DB00285,P23975
DB00285,P31645
DB00285,Q01959
DB00286,Q92731
DB00286,P03372
DB00287,P43088
DB00289,P48549
DB00289,P31645
DB00289,P23975
DB00289,Q05586
DB00289,P41145
DB00290,P18858
DB00290,P49916
DB00295,Q9Y6Y9
DB00295,P41143
DB00295,P41145
DB00295,P35372
DB00297,P34995
DB00297,Q9Y5Y9
DB00302,P00747
DB00304,P06401
DB00304,P03372
DB00307,P19793
DB00307,P28702
DB00307,P48443
DB00308,Q02641
DB00308,Q06432
DB00308,P54289
DB00308,Q14654
DB00308,Q9Y257
DB00308,Q12809
DB00308,Q9H252
DB00308,O00180
DB00308,Q13936
DB00308,Q9NS40
DB00310,P00915
DB00310,Q13621
DB00313,P35498
DB00313,Q07869
DB00313,P45954
DB00313,Q02218
DB00313,Q92769
DB00313,P37231
DB00313,Q9UKV0
DB00313,P51649
DB00313,Q03181
DB00315,P08908
DB00315,P28223
DB00315,P28221
DB00315,P30939
DB00315,P28222
DB00315,P28566
DB00315,P34969
DB00315,P41595
DB00316,Q8NER1
DB00316,Q15185
DB00316,P35354
DB00316,P23219
DB00318,P41143
DB00318,P41145
DB00318,P35372
DB00320,P28222
DB00320,P28221
DB00320,P08913
DB00320,P41595
DB00321,P25100
DB00321,P35372
DB00321,O43526
DB00321,P35368
DB00321,P23975
DB00321,P28223
DB00321,P28221
DB00321,P28335
DB00321,P41143
DB00321,P28222
DB00321,Q9H3N8
DB00321,Q09470
DB00321,P35367
DB00321,O43525
DB00321,P08908
DB00321,P04629
DB00321,P31645
DB00321,P50406
DB00321,P25021
DB00321,Q12809
DB00321,Q99720
DB00321,P35348
DB00321,P08913
DB00321,P11229
DB00321,Q16620
DB00321,P34969
DB00321,P41145
DB00323,P21964
DB00324,P04150
DB00325,P16066
DB00327,P41143
DB00327,P41145
DB00327,P35372
DB00328,Q9Y5Y4
DB00328,Q8N8N7
DB00328,P35354
DB00328,P23219
DB00328,Q07869
DB00328,Q04760
DB00328,P14555
DB00328,P37231
DB00328,P42330
DB00331,Q16134
DB00331,P21695
DB00331,Q9Y478
DB00332,P11229
DB00332,P08172
DB00332,P20309
DB00333,P43681
DB00333,P35372
DB00333,P32297
DB00333,P46098
DB00333,P41143
DB00333,P17787
DB00333,P36544
DB00333,Q05586
DB00334,P14867
DB00334,P35462
DB00334,P46098
DB00334,P35368
DB00334,P08172
DB00334,P21917
DB00334,P28223
DB00334,P28335
DB00334,P21918
DB00334,P21728
DB00334,P35367
DB00334,P14416
DB00334,P08908
DB00334,P20309
DB00334,P50406
DB00334,P08173
DB00334,P08588
DB00334,P35348
DB00334,P11229
DB00335,P08588
DB00335,P07550
DB00337,P42345
DB00337,P62942
DB00338,P35869
DB00338,P20648
DB00341,P35367
DB00342,P20309
DB00342,P08173
DB00342,Q12809
DB00342,P11229
DB00342,P08912
DB00342,P08172
DB00342,P35367
DB00343,Q06432
DB00343,Q13936
DB00346,Q12809
DB00346,P35348
DB00346,P25100
DB00346,P35368
DB00349,P14867
DB00350,P48048
DB00350,P00797
DB00350,P23219
DB00351,P06401
DB00351,P04150
DB00353,P21728
DB00353,P41595
DB00354,P11229
DB00354,P35367
DB00356,Q12791
DB00357,P11511
DB00357,P05108
DB00361,P07437
DB00363,P35462
DB00363,P46098
DB00363,P35368
DB00363,P08172
DB00363,P21917
DB00363,P28223
DB00363,P28221
DB00363,P28335
DB00363,P28222
DB00363,P28566
DB00363,Q9H3N8
DB00363,P09211
DB00363,P21728
DB00363,P35367
DB00363,P14416
DB00363,P08908
DB00363,P20309
DB00363,Q9NYX4
DB00363,P18089
DB00363,P50406
DB00363,P08173
DB00363,P18825
DB00363,P35348
DB00363,P08913
DB00363,P11229
DB00363,P08912
DB00363,P34969
DB00364,P0DJD9
DB00364,P02671
DB00364,P09038
DB00364,P01133
DB00366,P11229
DB00366,Q14994
DB00366,P35367
DB00367,P04150
DB00367,P10275
DB00367,P03372
DB00367,P04278
DB00367,P18405
DB00367,P06401
DB00368,P25100
DB00368,P54219
DB00368,P18825
DB00368,P08588
DB00368,Q05940
DB00368,P35368
DB00368,P35348
DB00368,P08913
DB00368,P18089
DB00368,P07550
DB00368,P00439
DB00368,P13945
DB00371,P14867
DB00371,P47869
DB00371,P31644
DB00371,P48169
DB00371,Q16445
DB00371,P34903
DB00373,P08588
DB00373,P07550
DB00374,P43119
DB00374,Q03181
DB00374,Q9H244
DB00376,P20309
DB00376,P08173
DB00376,P08912
DB00376,P11229
DB00376,P08172
DB00379,Q14524
DB00379,P35869
DB00380,P11388
DB00380,Q02880
DB00381,Q02641
DB00381,A0A024R8I1
DB00381,P17405
DB00381,P00915
DB00381,Q00975
DB00381,Q8IZS8
DB00381,Q13936
DB00381,Q9P0X4
DB00382,P22303
DB00382,P06276
DB00382,P23141
DB00384,P37088
DB00384,P51172
DB00384,P51170
DB00384,P51168
DB00385,P11388
DB00387,P20309
DB00387,P11229
DB00387,P08172
DB00387,P08173
DB00388,P35348
DB00388,P25100
DB00388,P35368
DB00390,P05023
DB00392,Q8TCU5
DB00392,P11229
DB00392,P08172
DB00393,Q02641
DB00393,Q08289
DB00393,P54284
DB00393,O00305
DB00393,P08235
DB00393,Q13936
DB00393,Q13698
DB00393,Q01668
DB00393,P35869
DB00393,O60840
DB00394,P04150
DB00397,P08588
DB00397,P07550
DB00397,P21728
DB00397,P08913
DB00398,P35968
DB00398,P15056
DB00398,P07949
DB00398,P09619
DB00398,P17948
DB00398,P10721
DB00398,P11362
DB00398,P36888
DB00398,P04049
DB00398,P35916
DB00399,O95749
DB00399,P14324
DB00401,Q08289
DB00401,P54289
DB00401,Q13936
DB00401,Q13698
DB00401,Q01668
DB00404,P14867
DB00405,P35367
DB00407,P05546
DB00407,P01008
DB00408,P35462
DB00408,P46098
DB00408,P35368
DB00408,P08172
DB00408,P23975
DB00408,P21917
DB00408,P28223
DB00408,P28221
DB00408,P28335
DB00408,P28222
DB00408,P28566
DB00408,Q9H3N8
DB00408,P21918
DB00408,P21728
DB00408,P35367
DB00408,P14416
DB00408,P08908
DB00408,P20309
DB00408,P31645
DB00408,P18089
DB00408,P50406
DB00408,P08173
DB00408,P18825
DB00408,P08588
DB00408,P25021
DB00408,Q01959
DB00408,P35348
DB00408,P08913
DB00408,P11229
DB00408,P08912
DB00408,P47898
DB00408,P34969
DB00412,Q07869
DB00412,P28702
DB00412,O60488
DB00412,P37231
DB00412,P19793
DB00412,P48443
DB00412,Q03181
DB00413,P14416
DB00413,P08908
DB00413,P35462
DB00413,P08913
DB00413,P21917
DB00414,P48048
DB00419,Q16739
DB00421,P04150
DB00421,Q06432
DB00421,O75469
DB00421,P08235
DB00421,P10275
DB00421,P04278
DB00421,P18405
DB00421,P06401
DB00421,P05093
DB00421,P19099
DB00422,P23975
DB00422,P08908
DB00422,Q01959
DB00424,P11229
DB00424,P08172
DB00424,P20309
DB00424,P08173
DB00427,P35367
DB00428,O60502
DB00428,P11168
DB00433,P35348
DB00433,P08913
DB00433,P14416
DB00433,P35367
DB00434,P28223
DB00434,P20309
DB00434,P28335
DB00434,P11229
DB00434,P08172
DB00434,P34969
DB00434,P35367
DB00436,P00915
DB00436,P55017
DB00436,P22748
DB00436,Q12791
DB00436,P00918
DB00437,P47989
DB00441,P04818
DB00441,P30085
DB00441,P23921
DB00443,P04150
DB00444,P11388
DB00445,P11388
DB00448,P10636
DB00448,P20648
DB00449,P35348
DB00449,P08913
DB00449,P06276
DB00449,P22303
DB00449,P07550
DB00451,P10828
DB00451,P06756
DB00451,P10827
DB00451,P05106
DB00454,P23141
DB00454,P35372
DB00454,Q12879
DB00454,Q13224
DB00454,Q01959
DB00454,P31645
DB00454,P11229
DB00454,Q14957
DB00454,P23975
DB00454,O15399
DB00454,Q05586
DB00454,P41145
DB00455,Q12809
DB00455,P35367
DB00457,P25100
DB00457,P35368
DB00457,Q12809
DB00457,P35348
DB00457,P08913
DB00457,P18089
DB00458,P25100
DB00458,P35368
DB00458,P08172
DB00458,P23975
DB00458,P28223
DB00458,P28335
DB00458,Q9NZV8
DB00458,P21728
DB00458,P35367
DB00458,P14416
DB00458,P08908
DB00458,P20309
DB00458,P31645
DB00458,Q9UK17
DB00458,P08173
DB00458,P50406
DB00458,Q01959
DB00458,Q12809
DB00458,P35348
DB00458,P11229
DB00458,P08912
DB00458,O95259
DB00458,P34969
DB00458,P19652
DB00461,P35354
DB00461,P23219
DB00464,P07225
DB00464,P04070
DB00465,P35354
DB00465,P23219
DB00468,O15554
DB00468,P14770
DB00469,P35354
DB00469,P23219
DB00470,P21554
DB00470,P34972
DB00471,Q9Y271
DB00471,P09917
DB00472,P32297
DB00472,P28335
DB00472,P61024
DB00472,P30926
DB00472,Q12809
DB00472,P31645
DB00472,Q15822
DB00475,P14867
DB00476,P23975
DB00476,P31645
DB00476,Q01959
DB00477,P35462
DB00477,P35368
DB00477,P21917
DB00477,P02763
DB00477,P28223
DB00477,P28335
DB00477,Q9H3N8
DB00477,P21918
DB00477,P21728
DB00477,P35367
DB00477,P14416
DB00477,P08908
DB00477,P20309
DB00477,P17405
DB00477,P50406
DB00477,P0DP23
DB00477,Q12809
DB00477,P35348
DB00477,P08913
DB00477,P11229
DB00477,P34969
DB00480,Q96SW2
DB00480,P33151
DB00480,O14788
DB00480,P35354
DB00481,P04155
DB00481,Q92731
DB00481,P50453
DB00481,P03372
DB00482,P35354
DB00482,O15530
DB00482,P00918
DB00482,H3BUU9
DB00482,P07451
DB00484,P18089
DB00484,P08913
DB00484,P18825
DB00489,Q12809
DB00489,P07550
DB00489,P08588
DB00490,P08908
DB00490,P14416
DB00490,P35462
DB00490,P35348
DB00490,P21917
DB00491,P10253
DB00491,Q8TET4
DB00491,Q14697
DB00491,O43451
DB00492,P12821
DB00494,P21964
DB00497,P41143
DB00497,P41145
DB00497,P35372
DB00499,O75469
DB00499,P10275
DB00499,P35869
DB00500,P35354
DB00500,P23219
DB00501,P25021
DB00502,Q99705
DB00502,P14416
DB00502,P28223
DB00502,P20309
DB00502,P08908
DB00502,P18825
DB00502,P35462
DB00502,Q13224
DB00502,P28335
DB00502,P50406
DB00502,Q05940
DB00502,Q99720
DB00502,P35348
DB00502,P08913
DB00502,P18089
DB00502,P34969
DB00502,P21728
DB00502,P35367
DB00508,P14416
DB00508,P11229
DB00508,P08172
DB00508,P21728
DB00508,P41595
DB00514,P43681
DB00514,P32297
DB00514,P35372
DB00514,Q8TCU5
DB00514,P04839
DB00514,P41143
DB00514,P30926
DB00514,O00264
DB00514,Q99720
DB00514,Q15822
DB00514,P31645
DB00514,P17787
DB00514,Q5T1J1
DB00514,P23975
DB00514,P36544
DB00514,P41145
DB00515,P29372
DB00515,P01023
DB00515,O00244
DB00515,P02787
DB00519,P12821
DB00521,P08588
DB00521,P07550
DB00523,P10276
DB00523,P28702
DB00523,P17936
DB00523,Q15238
DB00523,P10826
DB00523,Q6V0L0
DB00523,P19793
DB00523,P48443
DB00523,P13631
DB00524,P55017
DB00527,Q14524
DB00527,Q9Y5Y9
DB00527,P0DP23
DB00528,Q06432
DB00530,O75469
DB00530,P00533
DB00531,O75469
DB00532,Q14524
DB00532,O75469
DB00535,P05164
DB00536,Q14353
DB00536,P07998
DB00536,P78352
DB00536,P05091
DB00537,P11388
DB00537,Q12809
DB00540,P28223
DB00540,P08908
DB00540,P25100
DB00540,P14416
DB00540,P08588
DB00540,P28335
DB00540,P35368
DB00540,O00264
DB00540,P31645
DB00540,P35348
DB00540,P08913
DB00540,P11229
DB00540,P23975
DB00540,P35367
DB00541,P07437
DB00541,P68366
DB00542,P12821
DB00544,P04818
DB00545,P02768
DB00545,P22303
DB00545,P06276
DB00547,P04150
DB00548,P31213
DB00548,P14679
DB00548,P51857
DB00549,Q9Y271
DB00550,P07202
DB00552,P00813
DB00554,P35354
DB00554,P23219
DB00555,P14867
DB00555,P35498
DB00555,P42261
DB00555,P14416
DB00555,P28223
DB00555,P08588
DB00555,P46098
DB00555,P35367
DB00555,P02708
DB00555,P35348
DB00555,P08913
DB00555,P29274
DB00555,P30542
DB00555,P21728
DB00555,P41145
DB00555,Q15878
DB00557,Q12809
DB00557,P35367
DB00559,P24530
DB00559,P25101
DB00563,P04818
DB00563,P31939
DB00563,P00374
DB00564,P35498
DB00564,O75469
DB00564,P43681
DB00569,P00742
DB00569,P01008
DB00570,P23258
DB00570,Q9UJT1
DB00570,Q9UJT0
DB00570,P05412
DB00570,Q71U36
DB00570,P07437
DB00571,P08908
DB00571,P08588
DB00571,P28222
DB00571,P07550
DB00571,P13945
DB00572,P43681
DB00572,P20309
DB00572,P08173
DB00572,P23415
DB00572,P08912
DB00572,P11229
DB00572,P08172
DB00572,P17787
DB00573,Q07869
DB00573,P37231
DB00573,P35354
DB00573,P23219
DB00575,P25100
DB00575,P18825
DB00575,P35368
DB00575,P35348
DB00575,P08913
DB00575,P18089
DB00583,Q9H015
DB00583,P47989
DB00583,P43155
DB00583,Q9UKG9
DB00583,P05164
DB00583,P50416
DB00583,O43772
DB00583,P23786
DB00583,Q8N8R3
DB00583,O76082
DB00583,P23141
DB00584,P12821
DB00585,P25021
DB00586,P35354
DB00586,P23219
DB00588,P06401
DB00588,P04150
DB00588,P47712
DB00588,P08235
DB00589,P14416
DB00589,P08908
DB00589,P28223
DB00589,P18825
DB00589,P35462
DB00589,P28221
DB00589,P28335
DB00589,P21917
DB00589,P28222
DB00589,P08913
DB00589,P18089
DB00589,P21918
DB00589,P34969
DB00589,P21728
DB00589,P41595
DB00590,Q12809
DB00590,P35348
DB00590,P25100
DB00590,P35368
DB00591,P04150
DB00591,P12429
DB00591,P09525
DB00591,P08758
DB00591,P07355
DB00591,P04083
DB00594,P19801
DB00594,P37088
DB00594,P78348
DB00594,P51168
DB00594,P19634
DB00594,P51172
DB00594,P00749
DB00594,P51170
DB00594,Q16515
DB00596,P04150
DB00598,P08588
DB00598,P35348
DB00598,P07550
DB00603,P14867
DB00603,P06401
DB00603,P08183
DB00603,P03372
DB00604,Q12809
DB00604,Q13639
DB00604,P28223
DB00604,P46098
DB00605,P27361
DB00605,Q9Y5Y4
DB00605,P35354
DB00605,P23219
DB00605,Q03181
DB00605,P15121
DB00605,O60218
DB00608,Q9NR96
DB00608,P09429
DB00608,P09210
DB00608,Q9BYF1
DB00608,P01375
DB00608,P09488
DB00611,P41143
DB00611,P41145
DB00611,P35372
DB00612,P08588
DB00612,P07550
DB00619,O43519
DB00619,P11274
DB00619,Q08345
DB00619,P16234
DB00619,P07333
DB00619,P04629
DB00619,P10721
DB00619,P00519
DB00619,P09619
DB00620,P04150
DB00622,Q08289
DB00622,P54289
DB00622,P25100
DB00622,P20309
DB00622,P08173
DB00622,P54750
DB00622,P0DP23
DB00622,P35368
DB00622,P35348
DB00622,P11229
DB00622,P08172
DB00622,P08912
DB00622,Q13936
DB00622,Q01064
DB00622,Q01668
DB00623,P28223
DB00623,P14416
DB00623,P10275
DB00623,P28335
DB00623,P0DP23
DB00623,P21728
DB00624,P08235
DB00624,P10275
DB00624,P03372
DB00627,P40261
DB00627,P49019
DB00627,Q15274
DB00627,Q8TDS4
DB00630,P23469
DB00630,P38606
DB00630,P14324
DB00630,P29074
DB00630,Q13332
DB00631,P09884
DB00631,P23921
DB00635,P04150
DB00636,Q07869
DB00637,Q12809
DB00637,O95259
DB00637,P10636
DB00637,P35367
DB00640,P29275
DB00640,P30542
DB00640,P0DMS8
DB00640,P29274
DB00641,P04035
DB00641,Q92769
DB00641,P20701
DB00642,P04818
DB00642,P22102
DB00642,P31939
DB00642,P00374
DB00644,Q96P88
DB00644,P30968
DB00647,P23141
DB00647,P41143
DB00647,P41145
DB00647,P35372
DB00651,Q07343
DB00651,P27815
DB00651,Q08493
DB00651,P29274
DB00651,Q08499
DB00651,P30542
DB00652,Q99720
DB00652,P41145
DB00652,P35372
DB00653,Q13936
DB00654,P43088
DB00655,P10275
DB00655,P03372
DB00655,P04278
DB00655,Q92731
DB00655,P11511
DB00657,Q15822
DB00657,P17787
DB00657,P36544
DB00657,P43681
DB00659,P14867
DB00659,Q05586
DB00659,P41594
DB00661,P25100
DB00661,Q14654
DB00661,Q00975
DB00661,O43497
DB00661,P35368
DB00661,Q12809
DB00661,P31645
DB00661,P35348
DB00661,Q13936
DB00661,O95180
DB00661,O00555
DB00663,P04150
DB00668,P01375
DB00668,P25100
DB00668,P08588
DB00668,P35368
DB00668,P35348
DB00668,P08913
DB00668,P18089
DB00668,P07550
DB00669,P28222
DB00669,P28221
DB00669,P08908
DB00669,P30939
DB00672,Q09428
DB00674,P22303
DB00674,P36544
DB00674,A9X444
DB00674,P06276
DB00675,O75469
DB00675,P45983
DB00675,P10275
DB00675,P03372
DB00675,P04278
DB00675,P17252
DB00675,Q92731
DB00675,Q12809
DB00675,Q15125
DB00675,P62508
DB00678,P30556
DB00679,P28223
DB00679,P14416
DB00679,P35368
DB00679,Q12809
DB00679,P35348
DB00679,P21728
DB00682,O75469
DB00682,Q9BQB6
DB00686,P09038
DB00686,P05230
DB00686,P08620
DB00687,P04150
DB00687,P08235
DB00691,P12821
DB00692,P35348
DB00692,P08913
DB00692,P25100
DB00692,P35368
DB00694,P11388
DB00694,Q02880
DB00695,Q13621
DB00695,P00918
DB00695,Q9HC97
DB00696,P28223
DB00696,P14416
DB00696,P25100
DB00696,P08908
DB00696,P18825
DB00696,P28221
DB00696,P28335
DB00696,P35368
DB00696,P30939
DB00696,P28222
DB00696,P35348
DB00696,P08913
DB00696,P21728
DB00696,P41595
DB00697,P35348
DB00697,P08913
DB00697,Q9Y2I1
DB00699,P35348
DB00704,Q5T1J1
DB00704,P41143
DB00704,P41145
DB00704,P35372
DB00706,P35348
DB00706,P25100
DB00706,P35368
DB00710,O95749
DB00710,P14324
DB00712,P35354
DB00712,P23219
DB00714,P14416
DB00714,P08908
DB00714,P28223
DB00714,P18825
DB00714,P35462
DB00714,P28221
DB00714,P28335
DB00714,P21917
DB00714,P28222
DB00714,P08913
DB00714,P18089
DB00714,P21918
DB00714,P21728
DB00714,P41595
DB00715,P28223
DB00715,P14416
DB00715,P08908
DB00715,P08588
DB00715,P31645
DB00715,P35348
DB00715,P08913
DB00715,P11229
DB00715,P23975
DB00715,P21728
DB00715,P41595
DB00715,P35367
DB00716,Q9NS75
DB00716,Q9Y271
DB00716,P21462
DB00716,Q13258
DB00716,P07900
DB00717,P06401
DB00717,P04150
DB00717,P10275
DB00719,P35367
DB00721,P47712
DB00721,Q8TCU5
DB00721,Q9Y5Y9
DB00721,P46098
DB00721,Q86U10
DB00721,Q01959
DB00721,P21397
DB00721,Q15822
DB00721,Q9Y6K1
DB00721,Q12791
DB00721,P26358
DB00722,P12821
DB00722,P00797
DB00724,Q9NYK1
DB00724,Q9NR97
DB00727,P16066
DB00731,Q09428
DB00731,P37231
DB00733,P22303
DB00733,P06276
DB00734,P28223
DB00734,P14416
DB00734,P08908
DB00734,P18825
DB00734,P28221
DB00734,P28335
DB00734,P35368
DB00734,P35348
DB00734,P18089
DB00734,P34969
DB00734,P21728
DB00734,P35367
DB00736,O94760
DB00736,P20648
DB00741,P04150
DB00741,P04083
DB00744,P09917
DB00745,P35368
DB00745,Q01959
DB00747,P43681
DB00747,P20309
DB00747,P08173
DB00747,P14410
DB00747,P11229
DB00747,P08172
DB00747,P08912
DB00747,P17787
DB00748,P35367
DB00749,P19793
DB00749,P35354
DB00749,P23219
DB00750,Q14524
DB00751,P28223
DB00751,P25021
DB00751,P35348
DB00751,P08913
DB00751,P34969
DB00751,P35367
DB00754,Q14524
DB00754,O75469
DB00755,P31025
DB00755,P10276
DB00755,Q16654
DB00755,O43174
DB00755,P00352
DB00755,O60760
DB00755,P19793
DB00755,P28702
DB00755,O94788
DB00755,P49788
DB00755,P10826
DB00755,Q6V0L0
DB00755,Q9NY56
DB00755,P02753
DB00755,P48443
DB00755,Q9NR63
DB00755,Q8NFJ5
DB00755,P13631
DB00757,P46098
DB00758,Q9H244
DB00759,Q9UM07
DB00759,P04156
DB00762,Q969P6
DB00762,P11387
DB00763,P07202
DB00765,P07101
DB00768,P04271
DB00768,P23297
DB00768,P25021
DB00768,Q9Y5N1
DB00768,P29034
DB00768,Q99584
DB00768,P80511
DB00768,P35367
DB00771,P11229
DB00773,P11388
DB00773,Q02880
DB00775,P05106
DB00775,P08514
DB00776,P35498
DB00783,O75469
DB00783,P43681
DB00783,P03372
DB00783,Q99527
DB00783,Q92731
DB00783,Q14457
DB00783,P00846
DB00784,P35354
DB00784,P23219
DB00788,P35354
DB00788,P23219
DB00790,Q6FHJ7
DB00790,P12821
DB00794,P14867
DB00794,P43681
DB00794,P47869
DB00794,P31644
DB00794,P48169
DB00794,Q16445
DB00794,P34903
DB00794,P42262
DB00794,Q13002
DB00794,P36544
DB00795,Q9UPY5
DB00795,P35354
DB00795,P23219
DB00795,P24752
DB00795,O14920
DB00795,P04054
DB00795,P24557
DB00795,O15111
DB00795,P09917
DB00795,P37231
DB00796,P30556
DB00800,P25100
DB00800,P18825
DB00800,P35368
DB00800,P35348
DB00800,P08913
DB00800,P18089
DB00800,P21918
DB00800,P21728
DB00804,P11229
DB00804,P08172
DB00806,P21589
DB00806,P30542
DB00806,P29274
DB00808,P55017
DB00810,P11229
DB00813,P08183
DB00813,P41143
DB00813,P41145
DB00813,P35372
DB00814,P35354
DB00814,P23219
DB00816,P07550
DB00819,P00915
DB00819,P43166
DB00819,P22748
DB00819,O43570
DB00819,P29972
DB00819,Q9ULX7
DB00819,P00918
DB00819,P07451
DB00820,O76074
DB00820,Q9HCR9
DB00822,P09172
DB00822,P05091
DB00829,P14867
DB00831,P14416
DB00831,P26447
DB00831,P63316
DB00831,P0DP23
DB00831,Q9NYX4
DB00831,P35348
DB00834,P06401
DB00834,O75469
DB00834,P04150
DB00834,P07288
DB00835,P08173
DB00835,P20309
DB00835,P11229
DB00835,P08172
DB00835,P08912
DB00835,P35367
DB00839,Q09428
DB00843,P98066
DB00843,P28223
DB00843,P29475
DB00843,Q00653
DB00843,P06276
DB00843,P01584
DB00843,P22303
DB00843,Q05586
DB00844,P41143
DB00844,P41145
DB00844,P35372
DB00846,P04150
DB00847,P61278
DB00847,P49146
DB00848,P10696
DB00848,P32297
DB00851,P52209
DB00851,Q14181
DB00852,P60568
DB00852,P01375
DB00852,P08588
DB00852,O95644
DB00852,P18846
DB00852,Q01959
DB00852,P31645
DB00852,P35348
DB00852,P08913
DB00852,P23975
DB00852,P07550
DB00852,P19838
DB00860,P04150
DB00861,P35354
DB00861,P23219
DB00863,P22303
DB00863,P25021
DB00864,P62942
DB00865,P35348
DB00865,P08913
DB00865,Q05940
DB00865,Q01959
DB00868,Q14524
DB00869,P22748
DB00869,P00918
DB00869,P00915
DB00869,P07451
DB00871,P08588
DB00871,P07550
DB00871,P13945
DB00876,P30556
DB00880,P00915
DB00880,P55017
DB00880,P00918
DB00881,P12821
DB00882,P04278
DB00882,P03372
DB00883,P16066
DB00884,P14324
DB00887,Q9H2X9
DB00887,Q13621
DB00887,P55011
DB00887,Q9UP95
DB00887,P13569
DB00889,P46098
DB00898,P14867
DB00898,Q9UGM1
DB00898,O95264
DB00898,P47869
DB00898,P46098
DB00898,P30926
DB00898,P42262
DB00898,O14764
DB00898,Q13698
DB00898,P78334
DB00898,Q06432
DB00898,Q70Z44
DB00898,P32297
DB00898,P31644
DB00898,P18505
DB00898,P19320
DB00898,Q8N1C3
DB00898,Q8WXA8
DB00898,Q9UN88
DB00898,Q13936
DB00898,Q99808
DB00898,Q15825
DB00898,P32004
DB00898,O00591
DB00898,Q9GZZ6
DB00898,Q14542
DB00898,P42261
DB00898,P43681
DB00898,P23415
DB00898,Q8TCU5
DB00898,P48549
DB00898,Q05901
DB00898,P48169
DB00898,Q99928
DB00898,P17787
DB00898,Q9Y698
DB00898,Q01668
DB00898,A5X5Y0
DB00898,Q02641
DB00898,Q92806
DB00898,P42263
DB00898,P48544
DB00898,P48051
DB00898,P47870
DB00898,Q15822
DB00898,Q16445
DB00898,P34903
DB00898,P48058
DB00898,P30532
DB00898,P28472
DB00898,P23416
DB00898,P36544
DB00899,P41143
DB00899,P41145
DB00899,P35372
DB00903,P05023
DB00903,Q13621
DB00903,Q9UJU2
DB00903,P09211
DB00904,P08908
DB00904,P35372
DB00904,P46098
DB00904,P28222
DB00904,Q13639
DB00905,P43115
DB00905,P34995
DB00905,P43088
DB00907,P35498
DB00907,Q01959
DB00907,P31645
DB00907,P11229
DB00907,P08172
DB00907,Q99720
DB00907,P23975
DB00907,P23141
DB00908,P25100
DB00908,Q9Y257
DB00908,P35368
DB00908,Q12809
DB00908,P35348
DB00908,Q14524
DB00908,O00180
DB00909,Q9Y2D0
DB00909,P23280
DB00909,O43497
DB00909,P35218
DB00909,Q16790
DB00909,O43570
DB00909,O75493
DB00909,Q99250
DB00909,Q9NY72
DB00909,Q9ULX7
DB00909,Q9P0X4
DB00909,P00915
DB00909,P43166
DB00909,Q14524
DB00909,Q9UI33
DB00909,P35219
DB00909,Q9NY46
DB00909,P35498
DB00909,Q07699
DB00909,Q8N1Q1
DB00909,P22748
DB00909,O95180
DB00909,P00918
DB00909,P07451
DB00909,Q15858
DB00909,O60939
DB00909,P27338
DB00909,P35499
DB00909,P21397
DB00909,Q9NS85
DB00909,Q8IWT1
DB00912,Q09428
DB00912,P37231
DB00915,P43681
DB00915,P14416
DB00915,P32297
DB00915,Q8TCU5
DB00915,P36544
DB00917,Q9Y5Y4
DB00917,P35408
DB00917,P34995
DB00917,P43115
DB00917,P43116
DB00918,P28222
DB00918,P28221
DB00920,P52209
DB00920,P35367
DB00921,P41146
DB00921,P41143
DB00921,P41145
DB00921,P35372
DB00924,P28223
DB00924,P50406
DB00924,Q06278
DB00924,P28335
DB00924,O00206
DB00924,P31645
DB00924,P23975
DB00924,P34969
DB00924,P41595
DB00925,P25100
DB00925,P18825
DB00925,P0DP23
DB00925,P35368
DB00925,P35348
DB00925,P08913
DB00925,P18089
DB00925,P07550
DB00927,P25021
DB00928,P26358
DB00929,P34995
DB00929,P43115
DB00929,P43116
DB00929,P35408
DB00933,P28223
DB00933,P14416
DB00936,Q04828
DB00936,P35354
DB00936,P23219
DB00937,P23975
DB00937,Q01959
DB00938,P08588
DB00938,P07550
DB00938,P13945
DB00939,P35354
DB00939,P23219
DB00939,O43526
DB00939,P09917
DB00939,O43525
DB00945,P04637
DB00945,P98066
DB00945,P11021
DB00945,P29466
DB00945,P35354
DB00945,P23219
DB00945,P12004
DB00945,O14920
DB00945,P25101
DB00945,P01106
DB00945,P24385
DB00945,P28482
DB00945,Q13131
DB00945,Q04828
DB00945,P25963
DB00945,P42574
DB00945,P51812
DB00947,P03372
DB00950,P35367
DB00952,P28222
DB00952,P28221
DB00952,P08908
DB00952,P30939
DB00953,P28222
DB00953,P28221
DB00953,P30939
DB00956,Q99720
DB00956,P41143
DB00956,P35372
DB00957,P06401
DB00957,P10275
DB00957,P03372
DB00959,P04150
DB00959,P04083
DB00960,P08908
DB00960,P08588
DB00960,P28222
DB00960,P07550
DB00960,P13945
DB00963,P35354
DB00963,P23219
DB00966,P37231
DB00966,P30556
DB00967,P35367
DB00968,P08913
DB00968,P20711
DB00969,P46098
DB00972,Q16873
DB00972,P25021
DB00972,P04054
DB00972,P35367
DB00973,P35610
DB00973,P15144
DB00973,Q9UHC9
DB00975,P00813
DB00975,Q9Y233
DB00975,P27815
DB00975,P53805
DB00975,O76074
DB00975,P02763
DB00977,O75469
DB00977,P03372
DB00982,P10276
DB00982,P13631
DB00983,P08588
DB00983,P07550
DB00983,P13945
DB00984,P10275
DB00987,P06746
DB00988,P00441
DB00988,P14416
DB00988,P08908
DB00988,O95264
DB00988,P35462
DB00988,P21917
DB00988,P46098
DB00988,Q01959
DB00988,Q05940
DB00988,P09172
DB00988,P31645
DB00988,P23975
DB00988,P21918
DB00988,P34969
DB00988,P21728
DB00989,P22303
DB00989,P06276
DB00990,P11511
DB00991,P35354
DB00991,P23219
DB00993,P63000
DB00996,A0A024R8I1
DB00996,P54289
DB00996,Q9NY47
DB00996,Q9NR82
DB00996,P30542
DB00996,O43525
DB00997,P11388
DB00997,Q14978
DB00998,P28222
DB00998,P28221
DB00999,P55017
DB00999,Q12791
DB01001,P08588
DB01001,P07550
DB01001,P13945
DB01002,Q9Y5Y9
DB01003,P25815
DB01005,P23921
DB01006,P11511
DB01009,P25024
DB01009,P35354
DB01009,P23219
DB01012,P41180
DB01014,P09917
DB01014,P37231
DB01014,P35354
DB01014,P23219
DB01016,O60706
DB01016,O95342
DB01016,Q09428
DB01016,Q14654
DB01016,O95477
DB01016,P50416
DB01016,P13569
DB01016,Q8TD43
DB01017,P29466
DB01017,P99999
DB01017,P09917
DB01017,P28482
DB01017,P15692
DB01017,P01584
DB01017,P14780
DB01017,P42574
DB01017,P35228
DB01018,P18089
DB01018,P08913
DB01019,P20309
DB01019,P08172
DB01019,P11229
DB01019,P08173
DB01020,P33402
DB01023,Q08289
DB01023,P54289
DB01023,P08235
DB01023,P54750
DB01023,P63316
DB01023,P0DP23
DB01023,Q9NY47
DB01023,Q13936
DB01023,O95180
DB01023,Q13698
DB01023,Q01668
DB01023,Q01064
DB01023,P02585
DB01026,O75469
DB01026,P10275
DB01026,Q12809
DB01026,P05093
DB01026,P08686
DB01026,Q14994
DB01029,P05412
DB01029,P30556
DB01030,Q969P6
DB01030,P11387
DB01033,P20839
DB01033,Q06203
DB01033,P00492
DB01035,Q12809
DB01035,Q14524
DB01035,P26358
DB01037,P21397
DB01037,P27338
DB01039,O75469
DB01039,Q9NPA2
DB01039,Q07869
DB01041,Q96SW2
DB01041,P35354
DB01041,P21802
DB01041,P01375
DB01041,P19838
DB01041,P02763
DB01043,Q693P7
DB01043,P14867
DB01043,P14416
DB01043,P23415
DB01043,P46098
DB01043,Q05586
DB01045,O75469
DB01046,P51788
DB01050,P07204
DB01050,P12104
DB01050,P10415
DB01050,P35354
DB01050,P23219
DB01050,Q07869
DB01050,P07359
DB01050,P31151
DB01050,P13569
DB01050,P37231
DB01063,P14416
DB01063,P10275
DB01064,P00441
DB01064,P27986
DB01064,O00459
DB01064,P08588
DB01064,Q92569
DB01064,P28482
DB01064,P07550
DB01064,P13945
DB01065,P05164
DB01065,P11678
DB01065,P03372
DB01065,Q92753
DB01065,P16083
DB01065,P0DP23
DB01065,P48039
DB01065,P46597
DB01065,P49286
DB01065,P27797
DB01067,Q09428
DB01067,P37231
DB01068,P14867
DB01068,O75469
DB01069,P35498
DB01069,P14416
DB01069,P20309
DB01069,P08173
DB01069,P25021
DB01069,P0DP23
DB01069,P11229
DB01069,P08172
DB01069,P08912
DB01069,P35348
DB01069,P35367
DB01070,P11473
DB01073,P09884
DB01073,P27707
DB01073,P23921
DB01075,P08172
DB01075,P35367
DB01076,P27487
DB01076,Q92769
DB01076,P04035
DB01076,P35869
DB01076,Q14994
DB01077,P38606
DB01077,P12235
DB01077,P12236
DB01077,P05141
DB01077,Q13332
DB01080,P80404
DB01083,P49327
DB01083,P07098
DB01083,P16233
DB01084,P35367
DB01085,P11229
DB01085,P08172
DB01085,P20309
DB01085,P08173
DB01086,Q9Y5Y9
DB01088,Q9Y5Y4
DB01088,Q07343
DB01088,P27815
DB01088,P00750
DB01088,Q08493
DB01088,P34995
DB01088,P43119
DB01088,Q08499
DB01095,P04035
DB01095,Q92769
DB01098,P04035
DB01098,P20701
DB01099,P26358
DB01101,P04818
DB01104,Q7RTT9
DB01104,Q01959
DB01104,O00264
DB01104,P31645
DB01104,P23975
DB01105,P23975
DB01105,P31645
DB01105,Q01959
DB01106,O95665
DB01106,P35367
DB01110,O75469
DB01110,P29474
DB01110,Q14500
DB01110,Q12791
DB01110,Q13936
DB01110,P35228
DB01113,Q9Y233
DB01113,Q07343
DB01114,P23975
DB01114,P31645
DB01114,Q01959
DB01114,P35367
DB01115,Q08289
DB01115,O75469
DB01115,O43497
DB01115,P0DP23
DB01115,Q13936
DB01115,Q13698
DB01115,Q01668
DB01115,Q9UK17
DB01118,Q07869
DB01118,P08588
DB01118,Q12809
DB01118,P37231
DB01118,Q13936
DB01118,Q86YN6
DB01118,Q9P0X4
DB01120,Q09428
DB01120,P15692
DB01122,P22303
DB01124,Q09428
DB01124,P48048
DB01125,P38435
DB01128,P10275
DB01129,P20648
DB01132,P27338
DB01132,P37231
DB01133,P29350
DB01133,P23469
DB01133,Q93050
DB01133,Q05209
DB01136,O95298
DB01136,P25100
DB01136,P08588
DB01136,P18825
DB01136,P16581
DB01136,P17302
DB01136,P19320
DB01136,Q16665
DB01136,P48050
DB01136,P35368
DB01136,Q12809
DB01136,P63252
DB01136,P35348
DB01136,P15692
DB01136,P08913
DB01136,P18089
DB01136,P16860
DB01136,P07550
DB01142,P25100
DB01142,P35368
DB01142,P08172
DB01142,P23975
DB01142,P28223
DB01142,P28335
DB01142,Q9H3N8
DB01142,P41595
DB01142,P35367
DB01142,P08908
DB01142,P20309
DB01142,P31645
DB01142,P08173
DB01142,P50406
DB01142,P25021
DB01142,Q12809
DB01142,P11229
DB01142,P08912
DB01142,P35348
DB01143,P10696
DB01144,P00915
DB01144,P43166
DB01144,P22748
DB01144,P00918
DB01144,P07451
DB01146,Q01959
DB01146,P35367
DB01148,P08172
DB01148,P11229
DB01151,P28223
DB01151,P17405
DB01151,P20309
DB01151,P08173
DB01151,P08588
DB01151,P08908
DB01151,P14416
DB01151,P28335
DB01151,P31645
DB01151,P35348
DB01151,P11229
DB01151,P08172
DB01151,P08912
DB01151,P08913
DB01151,P23975
DB01151,P07550
DB01151,P35367
DB01156,P23975
DB01156,P46098
DB01156,P32297
DB01156,Q01959
DB01157,P00374
DB01161,Q9Y5Y9
DB01161,Q01959
DB01162,P25100
DB01162,P35368
DB01162,Q12809
DB01162,P35348
DB01162,Q9H252
DB01162,P01137
DB01162,Q9NS40
DB01165,P11388
DB01167,Q16850
DB01169,P27361
DB01169,P31749
DB01169,O14920
DB01169,P24385
DB01169,P38936
DB01169,P29590
DB01169,P05412
DB01169,Q13547
DB01169,P28482
DB01169,Q16881
DB01170,P23975
DB01173,Q8TCU5
DB01173,Q9Y5Y9
DB01173,P23975
DB01173,O60391
DB01173,O15399
DB01173,Q05586
DB01173,P35367
DB01174,P14867
DB01174,O75469
DB01174,P43681
DB01174,P42262
DB01174,Q13002
DB01174,P36544
DB01174,Q05586
DB01175,P08908
DB01175,P28223
DB01175,P14416
DB01175,P28335
DB01175,Q01959
DB01175,P31645
DB01175,P11229
DB01175,P35348
DB01175,P08913
DB01175,P23975
DB01175,P35367
DB01176,P49888
DB01176,P35367
DB01177,P11388
DB01181,O75469
DB01182,Q12809
DB01182,Q14524
DB01182,P07550
DB01182,P08588
DB01185,P04150
DB01185,P10275
DB01185,P80365
DB01185,P03372
DB01186,P14416
DB01186,P08908
DB01186,P28223
DB01186,P25100
DB01186,P35462
DB01186,P28221
DB01186,P28335
DB01186,P35368
DB01186,P28222
DB01186,P35348
DB01186,P08913
DB01186,P21918
DB01186,P21728
DB01186,P21917
DB01186,P41595
DB01188,P05023
DB01189,P14867
DB01189,P42261
DB01189,P98194
DB01189,P23415
DB01189,P30049
DB01189,P03886
DB01189,Q09470
DB01192,P41143
DB01192,P35372
DB01193,P08588
DB01193,P07550
DB01194,P00915
DB01194,P35218
DB01194,P22748
DB01194,P00918
DB01194,P07451
DB01195,Q12809
DB01195,P35499
DB01195,Q14524
DB01195,Q92736
DB01196,P11137
DB01196,P78559
DB01196,Q92731
DB01196,P03372
DB01197,P09960
DB01197,P08253
DB01197,P46663
DB01197,P14780
DB01197,P12821
DB01200,P14416
DB01200,P08908
DB01200,P28223
DB01200,P25100
DB01200,P18825
DB01200,P35462
DB01200,P28221
DB01200,P28335
DB01200,P34969
DB01200,P21917
DB01200,P35368
DB01200,P28222
DB01200,P35348
DB01200,P08913
DB01200,P18089
DB01200,P21918
DB01200,P21728
DB01200,P41595
DB01202,Q7L0J3
DB01202,Q00975
DB01203,P08588
DB01203,P07550
DB01204,P11388
DB01210,P08588
DB01210,P07550
DB01214,P08588
DB01214,P07550
DB01216,P31213
DB01216,P18405
DB01216,P51857
DB01217,P11511
DB01219,P21817
DB01221,Q693P7
DB01221,P14416
DB01221,P28223
DB01221,P08908
DB01221,P35372
DB01221,P29475
DB01221,Q8TCU5
DB01221,P25103
DB01221,P41143
DB01221,P46098
DB01221,P11229
DB01221,P06276
DB01221,P23975
DB01221,P41145
DB01222,P04150
DB01222,P04083
DB01223,P30542
DB01223,Q92769
DB01223,P0DMS8
DB01223,Q14432
DB01224,P35462
DB01224,P46098
DB01224,P08172
DB01224,P21917
DB01224,P28223
DB01224,P28221
DB01224,P28335
DB01224,P28222
DB01224,P28566
DB01224,P21918
DB01224,P21728
DB01224,P35367
DB01224,P08908
DB01224,P14416
DB01224,P20309
DB01224,P18089
DB01224,P50406
DB01224,P08173
DB01224,P18825
DB01224,P35348
DB01224,P08913
DB01224,P11229
DB01224,P08912
DB01224,P34969
DB01225,P00742
DB01225,P01008
DB01228,Q14524
DB01229,O75469
DB01229,Q9H4B7
DB01229,P10415
DB01229,P11137
DB01229,P10636
DB01229,P27816
DB01231,P11229
DB01231,P08172
DB01231,P20309
DB01233,P11229
DB01233,P14416
DB01233,P46098
DB01233,Q13639
DB01234,P04150
DB01234,O75469
DB01234,P51843
DB01234,P35228
DB01234,P04083
DB01235,P14416
DB01235,P35462
DB01235,P21917
DB01235,P21918
DB01235,P21728
DB01237,P35367
DB01238,P35372
DB01238,P35462
DB01238,P46098
DB01238,Q9Y5N1
DB01238,P35368
DB01238,P08172
DB01238,P21917
DB01238,P28223
DB01238,P28221
DB01238,P28335
DB01238,P41143
DB01238,P28222
DB01238,P28566
DB01238,Q9H3N8
DB01238,P21918
DB01238,P21728
DB01238,P41595
DB01238,Q05586
DB01238,P35367
DB01238,P08908
DB01238,P14416
DB01238,P20309
DB01238,P31645
DB01238,P18089
DB01238,P07550
DB01238,P50406
DB01238,P08173
DB01238,P18825
DB01238,P08588
DB01238,P25021
DB01238,Q01959
DB01238,P35348
DB01238,P08913
DB01238,P11229
DB01238,P08912
DB01238,P47898
DB01238,P34969
DB01238,P41145
DB01240,P43119
DB01240,Q9H244
DB01240,Q16647
DB01241,Q07869
DB01241,Q9Y6L6
DB01241,Q9NPD5
DB01241,O94956
DB01241,Q8TCC7
DB01242,P28223
DB01242,P28335
DB01242,P31645
DB01242,P23975
DB01242,P09211
DB01242,P41595
DB01244,P63316
DB01244,P54750
DB01244,P51787
DB01244,P0DP23
DB01244,Q12809
DB01244,Q9NY47
DB01244,O00555
DB01244,O95180
DB01244,Q01064
DB01244,P05023
DB01246,P35367
DB01248,O75469
DB01248,Q9H4B7
DB01248,P10415
DB01248,P11137
DB01248,P10636
DB01248,P27816
DB01250,P51580
DB01250,P01579
DB01254,P09769
DB01254,Q06203
DB01254,P00519
DB01254,P09619
DB01254,P54756
DB01254,P06239
DB01254,P07947
DB01254,Q92570
DB01254,P10721
DB01254,P42685
DB01254,P12931
DB01254,P11142
DB01254,P42684
DB01254,P06241
DB01254,P54760
DB01254,P29317
DB01254,Q9NYL2
DB01254,P41240
DB01254,P11274
DB01254,Q16539
DB01254,P51692
DB01254,P07948
DB01254,Q06187
DB01255,Q96RJ0
DB01259,P00533
DB01259,P04626
DB01260,P04150
DB01261,P27487
DB01262,P26358
DB01267,P28223
DB01267,P14416
DB01267,P08908
DB01267,P18825
DB01267,P35462
DB01267,P28221
DB01267,P28335
DB01267,P34969
DB01267,P35368
DB01267,P35348
DB01267,P08913
DB01267,P18089
DB01267,P21728
DB01267,P21917
DB01267,P35367
DB01268,P35968
DB01268,P16234
DB01268,P07333
DB01268,P17948
DB01268,P10721
DB01268,P36888
DB01268,P09619
DB01268,P35916
DB01275,Q16665
DB01275,Q16853
DB01275,P13674
DB01283,P35354
DB01283,P23219
DB01291,P08588
DB01291,P07550
DB01296,Q00653
DB01296,P01579
DB01296,P01375
DB01296,P14780
DB01320,Q14524
DB01327,P60568
DB01327,P40933
DB01327,P27169
DB01351,P14867
DB01351,P43681
DB01351,P47869
DB01351,P31644
DB01351,P48169
DB01351,Q16445
DB01351,P34903
DB01351,P42262
DB01351,Q13002
DB01351,P36544
DB01359,P08588
DB01359,P28222
DB01359,P07550
DB01359,P08908
DB01364,P23975
DB01364,P35348
DB01364,P07550
DB01364,P08588
DB01367,P27338
DB01367,P10415
DB01394,P07437
DB01395,P04150
DB01395,P06401
DB01395,P08235
DB01395,P10275
DB01399,P35354
DB01399,P23219
DB01400,P22303
DB01403,P25100
DB01403,P35462
DB01403,P35368
DB01403,P08172
DB01403,P21917
DB01403,P28223
DB01403,P28335
DB01403,P21918
DB01403,P21728
DB01403,P35367
DB01403,P14416
DB01403,P20309
DB01403,P18089
DB01403,P08173
DB01403,P18825
DB01403,P11229
DB01403,P08912
DB01403,P35348
DB01403,P08913
DB01406,P30968
DB01406,P10275
DB01406,P03372
DB01406,P13500
DB01406,P06401
DB01406,Q96P88
DB01410,P04150
DB01427,P01375
DB01427,P27815
DB01427,Q14432
DB01427,Q13370
DB01440,P18505
DB01440,Q9HAB3
DB01576,Q96RJ0
DB01576,Q05940
DB01576,P35368
DB01576,Q01959
DB01576,P35348
DB01576,P23975
DB01577,Q96RJ0
DB01577,P54219
DB01577,P18825
DB01577,P27338
DB01577,Q05940
DB01577,Q01959
DB01577,P31645
DB01577,P21397
DB01577,P08913
DB01577,P18089
DB01577,P23975
DB01579,P23975
DB01579,P35348
DB01579,P35368
DB01590,P42345
DB01611,Q9NYK1
DB01611,Q9NR96
DB01611,Q9BYF1
DB01620,Q9H3N8
DB01620,Q14994
DB01620,P35367
DB01623,P21728
DB01623,P14416
DB01623,P28223
DB01628,P35354
DB02546,Q9BY41
DB02546,O15379
DB02546,Q92769
DB02546,Q13547
DB02546,Q9UBN7
DB04844,P14416
DB04844,Q05940
DB04861,P08588
DB04861,P07550
DB04861,P13945
DB04865,P39023
DB04868,P10721
DB04868,P00519
DB05271,P14416
DB05271,P08908
DB05271,P35462
DB05271,P21917
DB05271,P18089
DB05271,P21918
DB05271,P21728
DB06196,P30411
DB06196,P15144
DB06201,Q15858
DB06201,P41594
DB06268,P24530
DB06268,P25101
DB06287,P42345
DB06718,P10275
DB08799,P35367
DB08801,P08172
DB08801,P35367
DB08804,P10275
DB08820,P13569
DB08896,P35968
DB08896,Q15759
DB08896,P15056
DB08896,P07949
DB08896,P16234
DB08896,Q16832
DB08896,P04629
DB08896,P17948
DB08896,Q02763
DB08896,P10721
DB08896,P11362
DB08896,P29317
DB08896,P21802
DB08896,P42685
DB08896,P00519
DB08896,P09619
DB08896,P35916
DB08896,P04049
DB08901,P22455
DB08901,P35968
DB08901,P11274
DB08901,P22607
DB08901,P07948
DB08901,P07949
DB08901,P16234
DB08901,P06239
DB08901,P10721
DB08901,P11362
DB08901,P00519
DB08901,P36888
DB08901,P21802
DB08901,Q02763
DB08901,P12931
DB08906,P06401
DB08906,P04150
DB08906,P08235
DB08907,P31639
